Workbook
Name A: PROSES!$Q$27
Name ac: PROSES!$T$81
Name am: PROSES!$T$39
Name Azc: PROSES!$T$95
Name Azm: PROSES!$T$55
Name B: PROSES!$T$77
Name BT: PROSES!$K$10
Name D: PROSES!$S$27
Name dc: PROSES!$T$79
Name Dip: PROSES!$T$49
Name dm: PROSES!$T$37
Name e: PROSES!$T$48
Name GC: PROSES!$T$93
Name GM: PROSES!$T$51
Name hc: PROSES!$T$94
Name hm: PROSES!$T$50
Name Hp: PROSES!$T$91
Name LMT: PROSES!$T$53
Name LT: PROSES!$K$9
Name m: PROSES!$O$27
Name MARKAS: #REF!
Name mh: PROSES!$T$107
Name Mo: PROSES!$T$69
Name N: PROSES!$R$27
Name O: PROSES!$T$27
Name P: PROSES!$T$99
Name PI: PROSES!$N$3
Name Ref: PROSES!$T$98
Name S: PROSES!$N$27
Name sd: PROSES!$T$47
Name sdc: PROSES!$T$92
Name ST: PROSES!$U$27
Name TDL: 'TA''DIL'!$B$5:$AF$365
Name TS: PROSES!$T$35
Name TT: PROSES!$J$9
Name TZ: PROSES!$J$10
Name WQ: PROSES!$P$27
Name Y: PROSES!$T$108
Name z: PROSES!$T$97

Sheet MENU
B3: BELAJAR HISAB AWAL BULAN
B4: METODE "ADDURRUL ANIQ"
B5: Markaz | D5: PONPES RIYADUSSALAM
B6: Lintang Tempat | D6: LS | E6: 7 | F6: 31 | G6: 24 | I6: =IF(D6="LU",E6+F6/60+G6/3600,-(E6+F6/60+G6/3600)) -> -7.5233333
B7: Bujur Tempat | D7: BT | E7: 108 | F7: 16 | G7: 7 | I7: =IF(D7="BT",E7+F7/60+G7/3600,-(E7+F7/60+G7/3600)) -> 108.26861
B8: Tinggi Tempat | D8: 10
B9: Zona Waktu | D9: 7
B10: BULAN | D10: 9
B11: TAHUN | D11: 1447
B12: Plus Hari | D12: 0
B13: =PROSES!X5 -> Lintang tempat : 07° 31' 24" LS Bujur tempat : 108° 16' 07" BT Tinggi tempat : 10 Mtr. Time Zone : 7
B14: =IF(PROSES!J22=0,1," ") -> 1 | C14: =IF(PROSES!J22=0,"Ijtima' akhir bulan","Data Pada hari berikutnya") -> Ijtima' akhir bulan | D14: =IF(PROSES!J22=0,PROSES!N113," ") -> SYA'BAN 1447 H.
B15: =IF(PROSES!J22=0,2,1) -> 2 | C15: Hari / Tanggal | D15: =PROSES!N114 -> SELASA KLIWON 17 FEBRUARI 2026 M.
B16: =IF(PROSES!J22=0,"3"," ") -> 3 | C16: =IF(PROSES!J22=0,"Jam Ijtima'"," ") -> Jam Ijtima' | D16: =IF(PROSES!J22=0,PROSES!N115," ") -> 19:02:01 WIB
B17: =IF(PROSES!J22=0,"4","2") -> 4 | C17: Matahari terbenam | D17: =PROSES!N116 -> 18:11:08 WIB
B18: =IF(PROSES!J22=0,"5","3") -> 5 | C18: Hilal terbenam | D18: =PROSES!N117 -> 18:07:48 WIB
B19: =IF(PROSES!J22=0,"6","4") -> 6 | C19: Ketinggian Hilal Hakiki | D19: =PROSES!N118 -> - 00° 50' 08"
B20: =IF(PROSES!J22=0,"7","5") -> 7 | C20: Ketinggian Hilal Mar'i | D20: =PROSES!N119 -> - 01° 47' 07"
B21: =IF(PROSES!J22=0,"8","6") -> 8 | C21: Elongasi Hilal | D21: =PROSES!N120 -> 01° 08' 20"
B22: =IF(PROSES!J22=0,"9","7") -> 9 | C22: Umur Hilal | D22: =PROSES!N121
B23: =IF(PROSES!J22=0,"10","8") -> 10 | C23: Lamanya Hilal di atas ufuq | D23: =PROSES!N122 -> MASIH DI BAWAH UFUQ
B24: =IF(PROSES!J22=0,"11","9") -> 11 | C24: Azimut Matahari | D24: =PROSES!N123 -> 257° 52' 41"
B25: =IF(PROSES!J22=0,"12","10") -> 12 | C25: Azimut Hilal | D25: =PROSES!N124 -> 256° 44' 34"
B26: =IF(PROSES!J22=0,"13","11") -> 13 | C26: Lebar cahaya Hilal | D26: =PROSES!N125 -> 0.00012776736
B27: =IF(PROSES!J22=0,"14","12") -> 14 | C27: Jarak & Letak Hilal dari Matahari | D27: =PROSES!N126&" "&"( "&PROSES!N129&" )" -> - 01° 08' 08 ( di selatan matahari )
B28: =IF(PROSES!J22=0,"15","13") -> 15 | C28: Keadaan Hilal | D28: =PROSES!N127 -> miring ke selatan
B29: =IF(PROSES!J22=0,"16","14") -> 16 | C29: Posisi Hilal | D29: =PROSES!N128 -> di selatan katulistiwa
B30: =IF(PROSES!J22=0,"17","15") -> 17 | C30: Letak Matahari terbenam | D30: =PROSES!N130 -> di selatan titik barat
B31: =IF(PROSES!J22=0,"18"," ") -> 18 | C31: =IF(PROSES!J22=0,"TGL 1 "&PROSES!F40&" "&PROSES!F42&" "&"H."," ") -> TGL 1 RAMADHAN 1447 H. | D31: =IF(PROSES!J22=0,PROSES!N131," ") -> KAMIS PAHING 19 FEBRUARI 2026 M.

Sheet PROSES
I1: ="AWAL"&" "&F40&" "&J3&" "&"H." -> AWAL RAMADHAN 1447 H.
B2: AKHIR | C2: =IF(F39<2,F39+12-1,F39-1) -> 8 | E2: TAHUN | F2: =IF(F39<2,F42-1,F42) -> 1447
B3: BULAN | C3: =VLOOKUP(C2,B50:C61,2) -> SYA'BAN | I3: TAHUN | J3: =F2 -> 1447 | K3: =MENU!D11 -> 1447 | N3: =PI()/180 -> 0.017453293 | R3: =113+15/60 -> 113.25 | S3: MATAHARI TERBENAM | W3: =MENU!D6 -> LS | X3: =TEXT(ABS(K9/24),"[hh]° mm' ss")&"""" -> 07° 31' 24"
I4: BULAN | J4: =C2 -> 8 | O4: TAHUN HIJRIAH | Q4: Khosotuha | S4: m | T4: =Q10 -> 43.2954 | W4: =MENU!D7 -> BT | X4: =IF(K10<0,"- ", )&TEXT(ABS(K10/24),"[hh]° mm' ss")&"""" -> 108° 16' 07"
B5: ="AKHIR BULAN "&C3&" "&F2&" "&"H." -> AKHIR BULAN SYA'BAN 1447 H. | I5: MARKAS | J5: =MENU!D5 -> PONPES RIYADUSSALAM | Q5: (m) | S5: sd | T5: =0.267/(1-0.017*COS(T4*PI)) -> 0.270345 | X5: ="Lintang tempat : "&X3&" "&W3&" "&"Bujur tempat : "&X4&" "&W4&" "&"Tinggi tempat : "&J9&" "&"Mtr. "&"Time Zone : "&J10 -> Lintang tempat : 07° 31' 24" LS Bujur tempat : 108° 16' 07" BT Tinggi tempat : 10 Mtr. Time Zone : 7
B6: TAHUN HIJRIAH | D6: AL - ALAMAH | E6: HISSOTUL 'ARDI | F6: AL - KHOSSOH | G6: AL - MARKAS | O6: Majmu'ah | P6: =30*INT(J3/30) -> 1440 | Q6: =VLOOKUP(P6,HAROKAT!H6:M71,6) -> 246.405 | S6: Dip | T6: =1.76/60*SQRT(J9) -> 0.092760145
D7: (A) | E7: (F) | F7: (M') | G7: (M) | I7: LINTANG | J7: =MENU!E6 -> 7 | K7: =MENU!F6 -> 31 | L7: =MENU!G6 -> 24 | O7: Mabsuthoh | P7: =J3-P6 -> 7 | Q7: =VLOOKUP(P7,HAROKAT!H77:M106,6) -> 284.2887 | S7: h | T7: =-(T5+34.5/60+T6) -> -0.93810514
B8: MAJMU'AH | C8: =30*INT(F2/30) -> 1440 | D8: =VLOOKUP(C8,HAROKAT!B6:F71,2) -> 2458371.7 | E8: =VLOOKUP(C8,HAROKAT!B6:F71,3) -> 45.5986 | F8: =VLOOKUP(C8,HAROKAT!B6:F71,4) -> 45.2696 | G8: =VLOOKUP(C8,HAROKAT!B6:F71,5) -> 245.8869 | I8: BUJUR | J8: =MENU!E7 -> 108 | K8: =MENU!F7 -> 16 | L8: =MENU!G7 -> 7 | O8: Bulan | P8: =J4 -> 8 | Q8: =VLOOKUP(P8,HAROKAT!H112:M123,6) -> 204.0193 | S8: Deklinasi | T8: =INDEX(HAROKAT!Y6:AJ36,E38,F26) -> -12.091697
B9: MABSUTHOH | C9: =F2-C8 -> 7 | D9: =IF(C9=0,C9,VLOOKUP(C9,HAROKAT!B77:F106,2)) -> 2480.5694 | E9: =IF(C9=0,C9,VLOOKUP(C9,HAROKAT!B77:F106,3)) -> 56.3225 | F9: =IF(C9=0,C9,VLOOKUP(C9,HAROKAT!B77:F106,4)) -> 8.6211 | G9: =IF(C9=0,C9,VLOOKUP(C9,HAROKAT!B77:F106,5)) -> 284.8499 | I9: Tinggi Tempat | J9: =MENU!D8 -> 10 | K9: =MENU!I6 -> -7.5233333 | O9: Hari | P9: =F48 -> 29 | Q9: =VLOOKUP(P9,HAROKAT!H129:M159,6) -> 28.5824 | S9: EQ TIME | T9: =INDEX(HAROKAT!Y40:AJ70,E38,F26) -> -0.23333056
B10: BULAN | C10: =C2 -> 8 | D10: =VLOOKUP(C10,HAROKAT!B112:F123,2) -> 236.2447 | E10: =VLOOKUP(C10,HAROKAT!B112:F123,3) -> 245.3641 | F10: =VLOOKUP(C10,HAROKAT!B112:F123,4) -> 206.5353 | G10: =VLOOKUP(C10,HAROKAT!B112:F123,5) -> 232.8428 | I10: Time Zone | J10: =MENU!D9 -> 7 | K10: =MENU!I7 -> 108.26861 | O10: JUMLAH | Q10: =MOD(SUM(Q6:Q9),360) -> 43.2954 | S10: GHRB LMT | T10: =(ACOS(-TAN(LT*PI)*TAN(T8*PI)+SIN(T7*PI)/COS(LT*PI)/COS(T8*PI))/PI)/15+12-T9 -> 18.405971
B11: JUMLAH | D11: =SUM(D8:D10) -> 2461088.5 | E11: =MOD(SUM(E8:E10),360) -> 347.2852 | F11: =MOD(SUM(F8:F10),360) -> 260.426 | G11: =MOD(SUM(G8:G10),360) -> 43.5796 | I11: S.F.T. | J11: =ABS(K11/24) -> 0.013837191 | K11: =(R3-K10)/15 -> 0.33209259 | T11: =T10/24 -> 0.76691547
I13: السنة الهجرية | K13: العلامة | L13: الأيام | N13: وسط الشمس | O13: خاصتها | P13: وسط القمر | Q13: خاصته | R13: حصة العرض | S13: البعد | T13: الميل الكلى | U13: الوقت النجمى
B14: DALIL | C14: HAROKAT | D14: SATAR AWAL | E14: SATAR TSANI | F14: AL - KASRU | G14: TA'DIL | L14: h | M14: p | N14: S | O14: m | P14: M | Q14: A | R14: N | S14: D | T14: O | U14: ST
B15: Dalil 1 (M) | C15: =G11 -> 43.5796 | D15: =VLOOKUP(INT(C15),TDL,2) -> 0.1183 | E15: =VLOOKUP(INT(C15+1),TDL,2) -> 0.1205 | F15: =C15-INT(C15) -> 0.5796 | G15: =D15-(D15-E15)*F15 -> 0.11957512 | I15: MAJMU'AH | J15: =P6 -> 1440 | K15: =VLOOKUP(J15,HAROKAT!H6:S71,2) -> 2458372 | L15: =VLOOKUP(J15,HAROKAT!H6:S71,3) -> 3 | M15: =VLOOKUP(J15,HAROKAT!H6:S71,4) -> 4 | N15: =VLOOKUP(J15,HAROKAT!H6:S71,5) -> 169.6637 | O15: =VLOOKUP(J15,HAROKAT!H6:S71,6) -> 246.405 | P15: =VLOOKUP(J15,HAROKAT!H6:S71,7) -> 176.0183 | Q15: =VLOOKUP(J15,HAROKAT!H6:S71,8) -> 52.0931 | R15: =VLOOKUP(J15,HAROKAT!H6:S71,9) -> 52.499 | S15: =VLOOKUP(J15,HAROKAT!H6:S71,10) -> 6.3547 | T15: =VLOOKUP(J15,HAROKAT!H6:S71,11) -> 23.43686 | U15: =VLOOKUP(J15,HAROKAT!H6:S71,12) -> 236.408
B16: Dalil 2 (2xM) | C16: =MOD(2*G11,360) -> 87.1592 | D16: =VLOOKUP(INT(C16),TDL,3) -> 0.0021 | E16: =VLOOKUP(INT(C16+1),TDL,3) -> 0.0021 | F16: =C16-INT(C16) -> 0.1592 | G16: =D16-(D16-E16)*F16 -> 0.0021 | I16: MABSUTHOH | J16: =P7 -> 7 | K16: =VLOOKUP(J16,HAROKAT!H77:S106,2) -> 2480 | L16: =VLOOKUP(J16,HAROKAT!H77:S106,3) -> 2 | M16: =VLOOKUP(J16,HAROKAT!H77:S106,4) -> 0 | N16: =VLOOKUP(J16,HAROKAT!H77:S106,5) -> 284.4055 | O16: =VLOOKUP(J16,HAROKAT!H77:S106,6) -> 284.2887 | P16: =VLOOKUP(J16,HAROKAT!H77:S106,7) -> 277.4633 | Q16: =VLOOKUP(J16,HAROKAT!H77:S106,8) -> 1.1826 | R16: =VLOOKUP(J16,HAROKAT!H77:S106,9) -> 48.7886 | S16: =VLOOKUP(J16,HAROKAT!H77:S106,10) -> 353.0578 | T16: =VLOOKUP(J16,HAROKAT!H77:S106,11) -> -0.000883 | U16: =VLOOKUP(J16,HAROKAT!H77:S106,12) -> 284.4055
B17: Dalil 3 (M') | C17: =F11 -> 260.426 | D17: =VLOOKUP(INT(C17),TDL,4) -> 0.4006 | E17: =VLOOKUP(INT(C17+1),TDL,4) -> 0.4018 | F17: =C17-INT(C17) -> 0.426 | G17: =D17-(D17-E17)*F17 -> 0.4011112 | I17: BULAN | J17: =P8 -> 8 | K17: =VLOOKUP(J17,HAROKAT!H112:S123,2) -> 207 | L17: =VLOOKUP(J17,HAROKAT!H112:S123,3) -> 4 | M17: =VLOOKUP(J17,HAROKAT!H112:S123,4) -> 2 | N17: =VLOOKUP(J17,HAROKAT!H112:S123,5) -> 204.029 | O17: =VLOOKUP(J17,HAROKAT!H112:S123,6) -> 204.0193 | P17: =VLOOKUP(J17,HAROKAT!H112:S123,7) -> 207.5141 | Q17: =VLOOKUP(J17,HAROKAT!H112:S123,8) -> 184.4535 | R17: =VLOOKUP(J17,HAROKAT!H112:S123,9) -> 218.4755 | S17: =VLOOKUP(J17,HAROKAT!H112:S123,10) -> 3.4851 | T17: =VLOOKUP(J17,HAROKAT!H112:S123,11) -> -7.4e-05 | U17: =VLOOKUP(J17,HAROKAT!H112:S123,12) -> 204.029
B18: Dalil 4 (2xM') | C18: =MOD(2*F11,360) -> 160.852 | D18: =VLOOKUP(INT(C18),TDL,5) -> 0.0055 | E18: =VLOOKUP(INT(C18+1),TDL,5) -> 0.0052 | F18: =C18-INT(C18) -> 0.852 | G18: =D18-(D18-E18)*F18 -> 0.0052444 | I18: HARI | J18: =P9 -> 29 | K18: =VLOOKUP(J18,HAROKAT!H129:S159,2) -> 29 | L18: =VLOOKUP(J18,HAROKAT!H129:S159,3) -> 1 | M18: =VLOOKUP(J18,HAROKAT!H129:S159,4) -> 4 | N18: =VLOOKUP(J18,HAROKAT!H129:S159,5) -> 28.5838 | O18: =VLOOKUP(J18,HAROKAT!H129:S159,6) -> 28.5824 | P18: =VLOOKUP(J18,HAROKAT!H129:S159,7) -> 22.1155 | Q18: =VLOOKUP(J18,HAROKAT!H129:S159,8) -> 18.8848 | R18: =VLOOKUP(J18,HAROKAT!H129:S159,9) -> 23.6512 | S18: =VLOOKUP(J18,HAROKAT!H129:S159,10) -> 353.5317 | T18: =VLOOKUP(J18,HAROKAT!H129:S159,11) -> -1e-05 | U18: =VLOOKUP(J18,HAROKAT!H129:S159,12) -> 28.5838
B19: Dalil 5 (M+M') | C19: =MOD(G11+F11,360) -> 304.0056 | D19: =VLOOKUP(INT(C19),TDL,6) -> 0.0042 | E19: =VLOOKUP(INT(C19+1),TDL,6) -> 0.0042 | F19: =C19-INT(C19) -> 0.0056 | G19: =D19-(D19-E19)*F19 -> 0.0042 | I19: JAM GHRB | J19: =HOUR(T11) -> 18 | N19: =VLOOKUP(J19,HAROKAT!L165:S189,2) -> 0.7392 | O19: =VLOOKUP(J19,HAROKAT!L165:S189,3) -> 0.7392 | P19: =VLOOKUP(J19,HAROKAT!L165:S189,4) -> 9.8823 | Q19: =VLOOKUP(J19,HAROKAT!L165:S189,5) -> 9.7987 | R19: =VLOOKUP(J19,HAROKAT!L165:S189,6) -> 9.922 | S19: =VLOOKUP(J19,HAROKAT!L165:S189,7) -> 9.1431 | U19: =VLOOKUP(J19,HAROKAT!L165:S189,8) -> 270.7392
B20: Dalil 6 (M-M') | C20: =IF(G11-F11<0,G11-F11+360,MOD(G11-F11,360)) -> 143.1536 | D20: =VLOOKUP(INT(C20),TDL,7) -> -0.0045 | E20: =VLOOKUP(INT(C20+1),TDL,7) -> -0.0043 | F20: =C20-INT(C20) -> 0.1536 | G20: =D20-(D20-E20)*F20 -> -0.00446928 | I20: Menit GHRB | J20: =MINUTE(T11) -> 24 | N20: =VLOOKUP(J20,HAROKAT!L195:S255,2) -> 0.0164 | O20: =VLOOKUP(J20,HAROKAT!L195:S255,3) -> 0.0164 | P20: =VLOOKUP(J20,HAROKAT!L195:S255,4) -> 0.2196 | Q20: =VLOOKUP(J20,HAROKAT!L195:S255,5) -> 0.2177 | R20: =VLOOKUP(J20,HAROKAT!L195:S255,6) -> 0.2205 | S20: =VLOOKUP(J20,HAROKAT!L195:S255,7) -> 0.2032 | U20: =VLOOKUP(J20,HAROKAT!L195:S255,8) -> 6.0164
B21: Dalil 7 (2xF) | C21: =MOD(2*E11,360) -> 334.5704 | D21: =VLOOKUP(INT(C21),TDL,8) -> -0.0046 | E21: =VLOOKUP(INT(C21+1),TDL,8) -> -0.0044 | F21: =C21-INT(C21) -> 0.5704 | G21: =D21-(D21-E21)*F21 -> -0.00448592 | I21: Detik GHRB | J21: =SECOND(T11) -> 21 | N21: =VLOOKUP(J21,HAROKAT!L261:S321,2) -> 0.0002 | O21: =VLOOKUP(J21,HAROKAT!L261:S321,3) -> 0.0002 | P21: =VLOOKUP(J21,HAROKAT!L261:S321,4) -> 0.0032 | Q21: =VLOOKUP(J21,HAROKAT!L261:S321,5) -> 0.0032 | R21: =VLOOKUP(J21,HAROKAT!L261:S321,6) -> 0.0032 | S21: =VLOOKUP(J21,HAROKAT!L261:S321,7) -> 0.003 | U21: =VLOOKUP(J21,HAROKAT!L261:S321,8) -> 0.0877
B22: Dalil 8 (2xF-M') | C22: =IF(2*E11-F11<0,2*E11-F11+360,MOD(2*E11-F11,360)) -> 74.1444 | D22: =VLOOKUP(INT(C22),TDL,9) -> 0.001 | E22: =VLOOKUP(INT(C22+1),'TA''DIL'!B$5:J$365,9) -> 0.001 | F22: =C22-INT(C22) -> 0.1444 | G22: =D22-(D22-E22)*F22 -> 0.001 | I22: Tambahan Hari | J22: =MENU!D12 -> 0 | K22: =VLOOKUP(J22,HAROKAT!H129:S159,2) -> 0 | L22: =VLOOKUP(J22,HAROKAT!H129:S159,3) -> 0 | M22: =VLOOKUP(J22,HAROKAT!H129:S159,4) -> 0 | N22: =VLOOKUP(AC22,HAROKAT!H129:S159,5) -> 0 | O22: =VLOOKUP(J22,HAROKAT!H129:S159,6) -> 0 | P22: =VLOOKUP(J22,HAROKAT!H129:S159,7) -> 0 | Q22: =VLOOKUP(J22,HAROKAT!H129:S159,8) -> 0 | R22: =VLOOKUP(J22,HAROKAT!H129:S159,9) -> 0 | S22: =VLOOKUP(J22,HAROKAT!H129:S159,10) -> 0 | T22: =VLOOKUP(J22,HAROKAT!H129:S159,11) -> 0 | U22: =VLOOKUP(J22,HAROKAT!H129:S159,12) -> 0
I23: JUMLAH 1 | K23: =SUM(K15:K18) -> 2461088 | L23: =MOD(SUM(L15:L18),7) -> 3 | M23: =MOD(SUM(M15:M18),5) -> 0 | N23: =MOD(SUM(N15:N22),360) -> 327.4378 | O23: =MOD(SUM(O15:O22),360) -> 44.0512 | P23: =MOD(SUM(P15:P22),360) -> 333.2163 | Q23: =MOD(SUM(Q15:Q22),360) -> 266.6336 | R23: =MOD(SUM(R15:R22),360) -> 353.56 | S23: =MOD(SUM(S15:S22),360) -> 5.7786 | T23: =SUM(T15:T18) -> 23.435893 | U23: =MOD(SUM(U15:U22),360) -> 310.2696 | X23: IF(H42<0,"- ",)&TEXT(ABS(H42/24),"[hh]° mm' ss")
B24: T | C24: T1 + T2 s/d T8 | D24: UT | E24: WD | F24: Koreksi WD | G24: AWAL BULAN | I24: SFT Jam | J24: =HOUR(J11) -> 0 | N24: =VLOOKUP(J24,HAROKAT!L165:S189,2) -> 0 | O24: =VLOOKUP(J24,HAROKAT!L165:S189,3) -> 0 | P24: =VLOOKUP(J24,HAROKAT!L165:S189,4) -> 0 | Q24: =VLOOKUP(J24,HAROKAT!L165:S189,5) -> 0 | R24: =VLOOKUP(J24,HAROKAT!L165:S189,6) -> 0 | S24: =VLOOKUP(J24,HAROKAT!L165:S189,7) -> 0 | U24: =VLOOKUP(J24,HAROKAT!L165:S189,8) -> 0
D25: =SUM(G15:G22) -> 0.52427552 | E25: =IF(D42>24,D26+1,D26+0) -> 2461089.5 | F25: Bulan | G25: =IF(T100<2,E26+2,E26+1) -> 2461091.5 | I25: SFT Menit | J25: =MINUTE(J11) -> 19 | N25: =VLOOKUP(J25,HAROKAT!L195:S255,2) -> 0.013 | O25: =VLOOKUP(J25,HAROKAT!L195:S255,3) -> 0.013 | P25: =VLOOKUP(J25,HAROKAT!L195:S255,4) -> 0.1739 | Q25: =VLOOKUP(J25,HAROKAT!L195:S255,5) -> 0.1724 | R25: =VLOOKUP(J25,HAROKAT!L195:S255,6) -> 0.1746 | S25: =VLOOKUP(J25,HAROKAT!L195:S255,7) -> 0.1609 | U25: =VLOOKUP(J25,HAROKAT!L195:S255,8) -> 4.763
B26: A.M. | C26: A + T +0,5 | D26: =ROUND(D11+D25+0.5,12) -> 2461089.5 | E26: =E25 -> 2461089.5 | F26: =IF(E37>E36,E33+1,E33) -> 2 | G26: =IF(AND(OR(T111>7.9999999999,T100>1.9999999999),J103>2.9999999999),E26+1,E26+2) -> 2461091.5 | I26: SFT Detik | J26: =SECOND(J11) -> 56 | N26: =VLOOKUP(J26,HAROKAT!L261:S321,2) -> 0.0006 | O26: =VLOOKUP(J26,HAROKAT!L261:S321,3) -> 0.0006 | P26: =VLOOKUP(J26,HAROKAT!L261:S321,4) -> 0.0085 | Q26: =VLOOKUP(J26,HAROKAT!L261:S321,5) -> 0.0085 | R26: =VLOOKUP(J26,HAROKAT!L261:S321,6) -> 0.0086 | S26: =VLOOKUP(J26,HAROKAT!L261:S321,7) -> 0.0079 | U26: =VLOOKUP(J26,HAROKAT!L261:S321,8) -> 0.234
B27: Majmu'ah | C27: =INDEX(HAROKAT!U6:U31,MATCH(PROSES!D30,HAROKAT!V6:V31),1) -> 2000 | D27: =INDEX(HAROKAT!$V6:$V31,MATCH(PROSES!D30,HAROKAT!$V6:$V31),1) -> 2451544 | E27: =INDEX(HAROKAT!$V6:$V31,MATCH(PROSES!E30,HAROKAT!$V6:$V31),1) -> 2451544 | F27: =VLOOKUP(F26,B$50:D$61,3) -> FEBRUARI | G27: =INDEX(HAROKAT!$V6:$V31,MATCH(PROSES!G30,HAROKAT!$V6:$V31),1) -> 2451544 | I27: JUMLAH 2 | K27: =K23 -> 2461088 | L27: =L23 -> 3 | M27: =M23 -> 0 | N27: =IF(K11<0,N23-SUM(N24:N26),MOD(SUM(N23:N26),360)) -> 327.4514 | O27: =IF(K11<0,O23-SUM(O24:O26),MOD(SUM(O23:O26),360)) -> 44.0648 | P27: =IF(K11<0,P23-SUM(P24:P26),MOD(SUM(P23:P26),360)) -> 333.3987 | Q27: =IF(K11<0,Q23-SUM(Q24:Q26),MOD(SUM(Q23:Q26),360)) -> 266.8145 | R27: =IF(K11<0,R23-SUM(R24:R26),MOD(SUM(R23:R26),360)) -> 353.7432 | S27: =IF(K11<0,S23-SUM(S24:S26),MOD(SUM(S23:S26),360)) -> 5.9474 | T27: =T23 -> 23.435893 | U27: =IF(K11<0,U23-SUM(U24:U26),MOD(SUM(U23:U26),360)) -> 315.2666
B28: Mabsuthoh | C28: =INDEX(HAROKAT!U76:U175,MATCH(D31,HAROKAT!V76:V175),1) -> 26 | D28: =INDEX(HAROKAT!$V76:$V175,MATCH(D31,HAROKAT!$V76:$V175),1) -> 9496 | E28: =INDEX(HAROKAT!$V76:$V175,MATCH(E31,HAROKAT!$V76:$V175),1) -> 9496 | F28: Tahun | G28: =INDEX(HAROKAT!$V76:$V175,MATCH(G31,HAROKAT!$V76:$V175),1) -> 9496
B29: Tahun | D29: =C27+C28 -> 2026 | E29: =IF(AND(D33=12,D37>D36),D29+1,D29) -> 2026 | F29: =IF(E37>E36,D29+1,D29) -> 2026 | G29: =IF(AND(G33=12,G37>G36),F29+1,F29) -> 2026
B30: A.M. - 1 | C30: Depan koma | D30: =INT(D26)-1 -> 2461088 | E30: =INT(E26)-1 -> 2461088 | G30: =INT(G25)-1 -> 2461090 | I30: D A T A M A T A H A R I
B31: Jumlah Hari | D31: =D30-D27 -> 9544 | E31: =E30-E27 -> 9544 | F31: Koreksi Awal Bulan | G31: =G30-G27 -> 9546 | I31: 1 | J31: BUJUR MATAHARI / THULUSYSYAMSI (S')
B32: Jumlah Hari | D32: =D31-D28 -> 48 | E32: =E31-E28 -> 48 | F32: Tahun | G32: =G31-G28 -> 50 | J32: DALIL | K32: RUMUS | M32: HAROKAT | O32: MADKHUL 1 | P32: MADKHUL 2 | Q32: SATAR 1 | R32: SATAR 2 | S32: AL - KASRU | T32: TA'DIL
B33: Bulan Masehi | D33: =INDEX(HAROKAT!U196:U207,MATCH(PROSES!D32,HAROKAT!V196:V207),1) -> 2 | E33: =IF(D37>D36,D33+1,D33) -> 2 | F33: =IF(AND(G33=12,G37>G36),G29+1,G29) -> 2026 | G33: =INDEX(HAROKAT!$U196:$U207,MATCH(G32,HAROKAT!$V196:$V207),1) -> 2 | J33: DALIL 1 | K33: m | M33: =O27 -> 44.0648 | O33: =INT(M33) -> 44 | P33: =O33+1 -> 45 | Q33: =VLOOKUP(O33,TDL,10) -> 1.33 | R33: =VLOOKUP(P33,TDL,10) -> 1.3538 | S33: =M33-INT(M33) -> 0.0648 | T33: =Q33-(Q33-R33)*S33 -> 1.3315422
D34: =VLOOKUP(D33,B50:D61,3) -> FEBRUARI | E34: =VLOOKUP(E33,$B50:$D61,3) -> FEBRUARI | F34: Bulan | G34: =VLOOKUP(G33,$B50:$D61,3) -> FEBRUARI | J34: DALIL 2 | K34: 2 x m | M34: =MOD(2*O27,360) -> 88.1296 | O34: =INT(M34) -> 88 | P34: =O34+1 -> 89 | Q34: =VLOOKUP(O34,TDL,11) -> 0.02 | R34: =VLOOKUP(P34,TDL,11) -> 0.02 | S34: =M34-INT(M34) -> 0.1296 | T34: =Q34-(Q34-R34)*S34 -> 0.02
B35: Jumlah Hari | D35: =INDEX(HAROKAT!V196:V207,MATCH(D32,HAROKAT!V196:V207),1) -> 31 | E35: =INDEX(HAROKAT!$V196:$V207,MATCH(D32,HAROKAT!$V196:$V207),1) -> 31 | F35: =IF(G37>G36,G33+1,G33) -> 2 | G35: =INDEX(HAROKAT!$V196:$V207,MATCH(G32,HAROKAT!$V196:$V207),1) -> 31 | J35: S' = S + S1 + S2 | R35: =IF(T35<0,"- ", )&TEXT(ABS(T35/24),"[hh]° mm' ss.00")&"""" -> 328° 48' 10.59" | T35: =S+T33+T34 -> 328.80294
B36: Hari Bulan | D36: =IF(MOD(D29,4)=0,VLOOKUP($D33,$B50:F61,4),VLOOKUP(D33,$B50:$F61,5)) -> 28 | E36: =IF(MOD(E29,4)=0,VLOOKUP($D33,$B50:G61,4),VLOOKUP(E33,$B50:$F61,5)) -> 28 | F36: =VLOOKUP(F35,B$50:D$61,3) -> FEBRUARI | G36: =IF(MOD(F29,4)=0,VLOOKUP($D33,$B50:I61,4),VLOOKUP(G33,$B50:$F61,5)) -> 28
D37: =D32-D35 -> 17 | E37: =E32-E35 -> 17 | F37: HIJRIAH | G37: =G32-G35 -> 19 | I37: 2 | J37: DEKLINASI MATAHARI / MAILUSYSYAMSI (dm) | R37: =IF(T37<0,"- ", )&TEXT(ABS(T37/24),"[hh]° mm' ss.00")&"""" -> - 11° 53' 19.84" | T37: =ASIN(SIN(TS*PI)*SIN(O*PI))/PI -> -11.888844
B38: Tanggal Masehi | D38: =IF(D37>D36,D37-D36,D37) -> 17 | E38: =IF(E37>E36,E37-E36,E37) -> 17 | F38: Bulan | G38: =IF(G37>G36,G37-G36,G37) -> 19 | I38: 3 | J38: ASCENSIOREKTA MATAHARI / MATHLA' MUSTAQIM SYAMSI (am) | R38: =IF(T38<0,"- ", )&TEXT(ABS(T38/24),"[hh]° mm' ss.00")&"""" -> - 29° 03' 23.07" | T38: =ATAN(TAN(TS*PI)*COS(O*PI))/PI -> -29.056409
B39: Delta T | D39: ='Delta T'!C22 -> 75.154286 | F39: =MENU!D10 -> 9 | R39: =IF(T39<0,"- ", )&TEXT(ABS(T39/24),"[hh]° mm' ss.00")&"""" -> 330° 56' 36.93" | T39: =IF(AND(T35>0,T35<=90),T38,IF(AND(T35>=90,T35<=270),T38+180,T38+360)) -> 330.94359
B40: JAM IJTIMA' | C40: ET | D40: =MOD(D26,1)*24 -> 12.054612 | E40: =D40/24 -> 0.50227552 | F40: =VLOOKUP(F39,B50:C61,2) -> RAMADHAN | G40: Zona Waktu
C41: UT | D41: =D40-(D39/3600) -> 12.033736 | E41: =D41/24 -> 0.50140568 | F41: Tahun | G41: =IF(TZ*15=105,"WIB",IF(TZ*15=120,"WITA",IF(TZ*15=135,"WIT","WD"))) -> WIB | I41: 4 | J41: JARAK BUMI - MATAHARI / AL - BU'DU BAINA 'ARDI WA SYAMSI (R)
C42: WD | D42: =IF(D41+TZ<0,D41+TZ+24,D41+TZ) -> 19.033736 | E42: =D42/24 -> 0.79307235 | F42: =MENU!D11 -> 1447 | J42: DALIL | K42: RUMUS | M42: HAROKAT | O42: MADKHUL 1 | P42: MADKHUL 2 | Q42: SATAR 1 | R42: SATAR 2 | S42: AL - KASRU | T42: TA'DIL | V42: =T42 -> TA'DIL
B43: A.M. + 2 | C43: Depan koma | D43: =INT(D26+2) -> 2461091 | E43: =INT(E26+2) -> 2461091 | F43: Hari | G43: =INT(G25+2) -> 2461093 | J43: DALIL 1 | K43: m | M43: =O27 -> 44.0648 | O43: =INT(M43) -> 44 | P43: =O43+1 -> 45 | Q43: =VLOOKUP(O43,TDL,12) -> -0.01201 | R43: =VLOOKUP(P43,TDL,12) -> -0.01181 | S43: =M43-INT(M43) -> 0.0648 | T43: =Q43-(Q43-R43)*S43 -> -0.01199704 | V43: =T43 -> -0.01199704
B44: HARI | D44: =MOD(D43,7) -> 3 | E44: =MOD(E43,7) -> 3 | F44: =IF(E44=0,E44+7,E44) -> 3 | G44: =MOD(G43,7) -> 5 | J44: DALIL 2 | K44: 2xm | M44: =MOD(2*O27,360) -> 88.1296 | O44: =INT(M44) -> 88 | P44: =O44+1 -> 89 | Q44: =VLOOKUP(O44,TDL,13) -> 0 | R44: =VLOOKUP(P44,TDL,13) -> 0 | S44: =M44-INT(M44) -> 0.1296 | T44: =Q44-(Q44-R44)*S44 -> 0 | V44: =T44 -> 0
D45: =VLOOKUP(D44,$B63:$D70,2) -> SELASA | E45: =VLOOKUP(E44,$B63:$D70,2) -> SELASA | F45: =IF(MOD(SUM(L15:L17),7)=0,MOD(SUM(L15:L17),7)+7,MOD(SUM(L15:L17),7)) -> 2 | G45: =VLOOKUP(G44,$B63:$D70,2) -> KAMIS | J45: R = 1.00014 + R1 + R2 | T45: =1.00014+T43+T44 -> 0.98814296 | V45: =T45 -> 0.98814296
B46: A.M. + 1 | C46: Depan koma | D46: =INT(D26+1) -> 2461090 | E46: =INT(E26+1) -> 2461090 | F46: =IF(OR(F44<F45,F44=F45),F44+7,F44) -> 3 | G46: =INT(G25+1) -> 2461092
B47: PASARAN | D47: =MOD(D46,5) -> 0 | E47: =MOD(E46,5) -> 0 | F47: =F46-F45 -> 1 | G47: =MOD(G46,5) -> 2 | I47: 5 | J47: SEMI DIAMETER MATAHARI / NISHFU QUTRISYSYAMSI (sd) | R47: =IF(T47<0,"- ", )&TEXT(ABS(T47/24),"[hh]° mm' ss.00")&"""" -> 00° 16' 11.14" | T47: =(0+15/60+59.63/3600)/T45 -> 0.26976247 | W47: =T47 -> 0.26976247
D48: =VLOOKUP(D47,$B63:$D70,3) -> KLIWON | E48: =VLOOKUP(E47,$B63:$D70,3) -> KLIWON | F48: =IF(F47=6,27,IF(F47=7,28,IF(F47=1,29,30))) -> 29 | G48: =VLOOKUP(G47,$B63:$D70,3) -> PAHING | I48: 6 | J48: EQUAN OF TIME / PERATA WAKTU / TA'DIL WAKTU (e) | R48: =IF(T48<0,"- ", )&TEXT(ABS(T48/24),"[hh]° mm' ss.00")&"""" -> - 00° 13' 58.13" | T48: =(S-am)/15 -> -0.23281274 | W48: =T48 -> -0.23281274
I49: 7 | J49: KERENDAHAN UFUQ / INKHIFADUL UFUQ (Dip) | R49: =IF(T49<0,"- ", )&TEXT(ABS(T49/24),"[hh]° mm' ss.00")&"""" -> 00° 05' 33.94" | T49: =(1.76/60)*(SQRT(TT)) -> 0.092760145 | W49: =T49 -> 0.092760145
B50: 1 | C50: MUHARRAM | D50: JANUARI | E50: 31 | F50: 31 | I50: 8 | J50: ALTITUDE MATAHAERI / IRTIFA' MATAHARI (hm) | R50: =IF(T50<0,"- ", )&TEXT(ABS(T50/24),"[hh]° mm' ss.00")&"""" -> - 00° 56' 15.08" | T50: =-(sd+34.5/60+Dip) -> -0.93752262 | W50: =T50 -> -0.93752262
B51: 2 | C51: SHOFAR | D51: FEBRUARI | E51: 29 | F51: 28 | I51: 9 | J51: SUDUT WAKTU MATAHARI / ZAWIYATU ZAMANISYSYAMSI (GM) | R51: =IF(T51<0,"- ", )&TEXT(ABS(T51/24),"[hh]° mm' ss.00")&"""" -> 92° 33' 36.91" | T51: =ACOS(-TAN(LT*PI)*TAN(dm*PI)+SIN(hm*PI)/COS(LT*PI)/COS(dm*PI))/PI -> 92.560253 | W51: =T51 -> 92.560253
B52: 3 | C52: RABI'UL AWAL | D52: MARET | E52: 31 | F52: 31 | I52: 10 | J52: SUNSET / MATAHARI TERBENAM / GHURUBUSYSYAMSI (GRM) | W52: =T52 -> 0
B53: 4 | C53: RABI'UL AKHIR | D53: APRIL | E53: 30 | F53: 30 | J53: GHURUB MATAHARI LMT | R53: =T53/24 -> 0.76681235 | T53: =GM/15+12-T48 -> 18.403496 | W53: =T53 -> 18.403496
B54: 5 | C54: JUMADIL AWAL | D54: MEI | E54: 31 | F54: 31 | J54: GHURUB MATAHARI WD | R54: =T54/24 -> 0.75773287 | T54: =LMT+((TZ*15)-BT)/15 -> 18.185589 | W54: =T54 -> 18.185589
B55: 6 | C55: JUMADIL AKHIR | D55: JUNI | E55: 30 | F55: 30 | I55: 11 | J55: AZIMUT MATAHARI / SAMTUSYSYAMSI (azm) | R55: =IF(T55<0,"- ", )&TEXT(ABS(T55/24),"[hh]° mm' ss.00")&"""" -> - 12° 07' 18.67" | T55: =ATAN(-SIN(LT*PI)/TAN(GM*PI)+COS(LT*PI)*TAN(dm*PI)/SIN(GM*PI))/PI -> -12.121854 | V55: =Azm+270 -> 257.87815 | W55: =V55 -> 257.87815
B56: 7 | C56: ROJAB | D56: JULI | E56: 31 | F56: 31
B57: 8 | C57: SYA'BAN | D57: AGUSTUS | E57: 31 | F57: 31 | I57: D A T A B U L A N
B58: 9 | C58: RAMADHAN | D58: SEPTEMBER | E58: 30 | F58: 30 | I58: 1 | J58: BUJUR BULAN / THULULQOMAR (Mo)
B59: 10 | C59: SYAWWAL | D59: OKTOBER | E59: 31 | F59: 31 | J59: DALIL | K59: RUMUS | M59: HAROKAT | O59: MADKHUL 1 | P59: MADKHUL 2 | Q59: SATAR 1 | R59: SATAR 2 | S59: AL - KASRU | T59: TA'DIL | W59: =T59 -> TA'DIL
B60: 11 | C60: DZULQO'DAH | D60: NOVEMBER | E60: 30 | F60: 30 | J60: DALIL 1 | K60: A | M60: =Q27 -> 266.8145 | O60: =INT(M60) -> 266 | P60: =O60+1 -> 267 | Q60: =VLOOKUP(O60,TDL,14) -> -6.2735 | R60: =VLOOKUP(P60,TDL,14) -> -6.2802 | S60: =M60-INT(M60) -> 0.8145 | T60: =Q60-(Q60-R60)*S60 -> -6.2789571 | W60: =T60 -> -6.2789571
B61: 12 | C61: DZULHIJJAH | D61: DESEMBER | E61: 31 | F61: 31 | J61: DALIL 2 | K61: 2 x D - A | M61: =IF(2*S27-Q27<0,((2*S27)-Q27)+360,MOD(2*S27-Q27,360)) -> 105.0803 | O61: =INT(M61) -> 105 | P61: =O61+1 -> 106 | Q61: =VLOOKUP(O61,TDL,15) -> 1.2306 | R61: =VLOOKUP(P61,TDL,15) -> 1.2247 | S61: =M61-INT(M61) -> 0.0803 | T61: =Q61-(Q61-R61)*S61 -> 1.2301262 | W61: =T61 -> 1.2301262
J62: DALIL 3 | K62: 2 x D | M62: =MOD(2*S27,360) -> 11.8948 | O62: =INT(M62) -> 11 | P62: =O62+1 -> 12 | Q62: =VLOOKUP(O62,TDL,16) -> 0.1256 | R62: =VLOOKUP(P62,TDL,16) -> 0.1369 | S62: =M62-INT(M62) -> 0.8948 | T62: =Q62-(Q62-R62)*S62 -> 0.13571124 | W62: =T62 -> 0.13571124
B63: 0 | C63: SABTU | D63: KLIWON | J63: DALIL 4 | K63: 2 x A | M63: =MOD(2*Q27,360) -> 173.629 | O63: =INT(M63) -> 173 | P63: =O63+1 -> 174 | Q63: =VLOOKUP(O63,TDL,17) -> 0.026 | R63: =VLOOKUP(P63,TDL,17) -> 0.0223 | S63: =M63-INT(M63) -> 0.629 | T63: =Q63-(Q63-R63)*S63 -> 0.0236727 | W63: =T63 -> 0.0236727
B64: 1 | C64: AHAD | D64: LEGI | J64: DALIL 5 | K64: m | M64: =O27 -> 44.0648 | O64: =INT(M64) -> 44 | P64: =O64+1 -> 45 | Q64: =VLOOKUP(O64,TDL,18) -> -0.1286 | R64: =VLOOKUP(P64,TDL,18) -> -0.1309 | S64: =M64-INT(M64) -> 0.0648 | T64: =Q64-(Q64-R64)*S64 -> -0.12874904 | W64: =T64 -> -0.12874904
B65: 2 | C65: SENIN | D65: PAHING | J65: DALIL 6 | K65: 2 x N | M65: =MOD(2*R27,360) -> 347.4864 | O65: =INT(M65) -> 347 | P65: =O65+1 -> 348 | Q65: =VLOOKUP(O65,TDL,19) -> 0.0257 | R65: =VLOOKUP(P65,TDL,19) -> 0.0238 | S65: =M65-INT(M65) -> 0.4864 | T65: =Q65-(Q65-R65)*S65 -> 0.02477584 | W65: =T65 -> 0.02477584
B66: 3 | C66: SELASA | D66: PON | J66: DALIL 7 | K66: 2 x D - 2 x A | M66: =MOD((2*S27)-(2*Q27),360) -> 198.2658 | O66: =INT(M66) -> 198 | P66: =O66+1 -> 199 | Q66: =VLOOKUP(O66,TDL,20) -> -0.0182 | R66: =VLOOKUP(P66,TDL,20) -> -0.0191 | S66: =M66-INT(M66) -> 0.2658 | T66: =Q66-(Q66-R66)*S66 -> -0.01843922 | W66: =T66 -> -0.01843922
B67: 4 | C67: RABU | D67: WAGE | J67: DALIL 8 | K67: 2 x D - m - A | M67: =MOD((2*S27)-O27-Q27,360) -> 61.0155 | O67: =INT(M67) -> 61 | P67: =O67+1 -> 62 | Q67: =VLOOKUP(O67,TDL,21) -> 0.0499 | R67: =VLOOKUP(P67,TDL,21) -> 0.0504 | S67: =M67-INT(M67) -> 0.0155 | T67: =Q67-(Q67-R67)*S67 -> 0.04990775 | W67: =T67 -> 0.04990775
B68: 5 | C68: KAMIS | D68: KLIWON | J68: DALIL 9 | K68: 2 x D + A | M68: =MOD(2*S27+Q27,360) -> 278.7093 | O68: =INT(M68) -> 278 | P68: =O68+1 -> 279 | Q68: =VLOOKUP(O68,TDL,22) -> -0.0528 | R68: =VLOOKUP(P68,TDL,22) -> -0.0527 | S68: =M68-INT(M68) -> 0.7093 | T68: =Q68-(Q68-R68)*S68 -> -0.05272907 | W68: =T68 -> -0.05272907
B69: 6 | C69: JUM'AT | J69: Mo = M + M1 s/d M9 | R69: =IF(T69<0,"- ", )&TEXT(ABS(T69/24),"[hh]° mm' ss.00")&"""" -> 328° 23' 02.47" | T69: =WQ+SUM(T60:U68) -> 328.38402 | V69: =WQ+(SUM(T60:U68)) -> 328.38402 | W69: =T69 -> 328.38402
B70: 7 | C70: SABTU
I71: 2 | J71: LATITUDE BULAN / 'ARDUL QOMAR (B)
J72: DALIL | K72: RUMUS | M72: HAROKAT | O72: MADKHUL 1 | P72: MADKHUL 2 | Q72: SATAR 1 | R72: SATAR 2 | S72: AL - KASRU | T72: TA'DIL
J73: DALIL 1 | K73: N | M73: =R27 -> 353.7432 | O73: =INT(M73) -> 353 | P73: =O73+1 -> 354 | Q73: =VLOOKUP(O73,TDL,23) -> -0.625 | R73: =VLOOKUP(P73,TDL,23) -> -0.536 | S73: =M73-INT(M73) -> 0.7432 | T73: =Q73-(Q73-R73)*S73 -> -0.5588552
J74: DALIL 2 | K74: A + N | M74: =MOD(Q27+R27,360) -> 260.5577 | O74: =INT(M74) -> 260 | P74: =O74+1 -> 261 | Q74: =VLOOKUP(O74,TDL,24) -> -0.2763 | R74: =VLOOKUP(P74,TDL,24) -> -0.2772 | S74: =M74-INT(M74) -> 0.5577 | T74: =Q74-(Q74-R74)*S74 -> -0.27680193
J75: DALIL 3 | K75: A - N | M75: =IF(Q27-R27<0,(Q27-R27)+360,Q27-R27) -> 273.0713 | O75: =INT(M75) -> 273 | P75: =O75+1 -> 274 | Q75: =VLOOKUP(O75,TDL,25) -> -0.2773 | R75: =VLOOKUP(P75,TDL,25) -> -0.277 | S75: =M75-INT(M75) -> 0.0713 | T75: =Q75-(Q75-R75)*S75 -> -0.27727861
J76: DALIL 4 | K76: 2 x D - N | M76: =IF((2*S27)-R27<0,((2*S27)-R27)+360,MOD((2*S27)-R27,360)) -> 18.1516 | O76: =INT(M76) -> 18 | P76: =O76+1 -> 19 | Q76: =VLOOKUP(O76,TDL,26) -> 0.0535 | R76: =VLOOKUP(P76,TDL,26) -> 0.0564 | S76: =M76-INT(M76) -> 0.1516 | T76: =Q76-(Q76-R76)*S76 -> 0.05393964
J77: B = B1 + B2 + B3 + B4 | R77: =IF(T77<0,"- ", )&TEXT(ABS(T77/24),"[hh]° mm' ss.00")&"""" -> - 01° 03' 32.39" | T77: =SUM(T73:U76) -> -1.0589961
I79: 3 | J79: DEKLINASI BULAN / BU'DUL QOMAR (dc) | R79: =IF(T79<0,"- ", )&TEXT(ABS(T79/24),"[hh]° mm' ss.00")&"""" -> - 13° 01' 38.69" | T79: =ASIN(SIN(B*PI)*COS(O*PI)+COS(B*PI)*SIN(O*PI)*SIN(Mo*PI))/PI -> -13.027414
I80: 4 | J80: ASCRNSIORERKTA BULAN / MATHLA' MUSTAQIM QOMAR (ac) | R80: =IF(T80<0,"- ", )&TEXT(ABS(T80/24),"[hh]° mm' ss.00")&"""" -> 29° 04' 53.84" | T80: =ACOS(COS(Mo*PI)*COS(B*PI)/COS(dc*PI))/PI -> 29.081621
R81: =IF(T81<0,"- ", )&TEXT(ABS(T81/24),"[hh]° mm' ss.00")&"""" -> 330° 55' 06.16" | T81: =IF(AND(Mo>0,Mo<180),T80,360-T80) -> 330.91838
I83: 5 | J83: JARAK BUMI - BULAN / AL-BU'DU BAINAL 'ARDI WAL QOMAR (r)
J84: DALIL | K84: RUMUS | M84: HAROKAT | O84: MADKHUL 1 | P84: MADKHUL 2 | Q84: SATAR 1 | R84: SATAR 2 | S84: AL - KASRU | T84: TA'DIL
J85: DALIL 1 | K85: A | M85: =Q27 -> 266.8145 | O85: =INT(M85) -> 266 | P85: =O85+1 -> 267 | Q85: =VLOOKUP(O85,TDL,27) -> 1458.2838 | R85: =VLOOKUP(P85,TDL,27) -> 1094.1017 | S85: =M85-INT(M85) -> 0.8145 | T85: =Q85-(Q85-R85)*S85 -> 1161.6575
D86: 2457899.8 | J86: DALIL 2 | K86: 2 x D - A | M86: =IF((2*S27)-Q27<0,((2*S27)-Q27)+360,MOD((2*S27)-Q27,360)) -> 105.0803 | O86: =INT(M86) -> 105 | P86: =O86+1 -> 106 | Q86: =VLOOKUP(O86,TDL,28) -> 957.4004 | R86: =VLOOKUP(P86,TDL,28) -> 1019.6132 | S86: =M86-INT(M86) -> 0.0803 | T86: =Q86-(Q86-R86)*S86 -> 962.39609
D87: =D26 -> 2461089.5 | J87: DALIL 3 | K87: 2 x D | M87: =MOD(2*S27,360) -> 11.8948 | O87: =INT(M87) -> 11 | P87: =O87+1 -> 12 | Q87: =VLOOKUP(O87,TDL,29) -> -2901.6585 | R87: =VLOOKUP(P87,TDL,29) -> -2891.373 | S87: =M87-INT(M87) -> 0.8948 | T87: =Q87-(Q87-R87)*S87 -> -2892.455
J88: DALIL 4 | K88: 2 x A | M88: =MOD(2*Q27,360) -> 173.629 | O88: =INT(M88) -> 173 | P88: =O88+1 -> 174 | Q88: =VLOOKUP(O88,TDL,30) -> 565.6769 | R88: =VLOOKUP(P88,TDL,30) -> 566.8029 | S88: =M88-INT(M88) -> 0.629 | T88: =Q88-(Q88-R88)*S88 -> 566.38515
J89: r = 385000.56 + r1 + r2 + r3 + r4 | T89: =385000.56+SUM(T85:U88) -> 384798.54
I91: 6 | J91: HORIZONTAL PARALLAX / IKHTILAFU MANDZORIL QOMAR (Hp) | R91: =IF(T91<0,"- ", )&TEXT(ABS(T91/24),"[hh]° mm' ss.00")&"""" -> 00° 56' 59.05" | T91: =ASIN(6378.14/T89)/PI -> 0.94973654
I92: 7 | J92: SEMI DIAMETER BULAN / NISHFU QUTHRIL QOMAR (sdc) | R92: =IF(T92<0,"- ", )&TEXT(ABS(T92/24),"[hh]° mm' ss.00")&"""" -> 00° 15' 31.61" | T92: =0.272476*Hp -> 0.25878041
I93: 8 | J93: SUDUT WAKTU BULAN / ZAWIYATUZZAMANIL QOMAR (GC) | R93: =IF(T93<0,"- ", )&TEXT(ABS(T93/24),"[hh]° mm' ss.00")&"""" -> 92° 37' 00.60" | T93: =IF((ST-ac+BT)<0,(ST-ac+BT)+360,(ST-ac+BT)) -> 92.616832
I94: 9 | J94: ALTITUDE BULAN GEOCENTRIC / IRTIFA'UL QOMAR HAKIKI (hc) | R94: =IF(T94<0,"- ", )&TEXT(ABS(T94/24),"[hh]° mm' ss.00")&"""" -> - 00° 50' 08.39" | T94: =ASIN(SIN(LT*PI)*SIN(dc*PI)+COS(LT*PI)*COS(dc*PI)*COS(GC*PI))/PI -> -0.83566512
I95: 10 | J95: AZIMUT BULAN / SAMTUL QOMAR (azc) | R95: =IF(T95<0,"- ", )&TEXT(ABS(T95/24),"[hh]° mm' ss.00")&"""" -> - 13° 15' 26.43" | T95: =ATAN(-SIN(LT*PI)/TAN(GC*PI)+COS(LT*PI)*TAN(dc*PI)/SIN(GC*PI))/PI -> -13.25734
J96: AZIMUT BULAN / SAMTUL QOMAR (azc) | R96: =IF(T96<0,"- ", )&TEXT(ABS(T96/24),"[hh]° mm' ss.00")&"""" -> 256° 44' 33.57" | T96: =270+Azc -> 256.74266
I97: 11 | J97: JARAK BULAN - MATAHARI / FARQUSSAMTI (z) | R97: =IF(T97<0,"- ", )&TEXT(ABS(T97/24),"[hh]° mm' ss.00")&"""" -> - 01° 08' 07.75" | T97: =Azc-Azm -> -1.1354864 | V97: 00° 06' 11.13''
I98: 12 | J98: REFRACTION / BIAS CAHAYA / INKISARUSYSYU'A (Ref) | R98: =IF(T98<0,"- ", )&TEXT(ABS(T98/24),"[hh]° mm' ss.00")&"""" -> 00° 47' 14.17" | T98: =0.0167/TAN((hc+7.31/(hc+4.4))*PI) -> 0.78726912 | V98: 01° 00' 41.57''
I99: 13 | J99: PARALLAX BULAN / IKHTILAFU MANDZOR (P) | R99: =IF(T99<0,"- ", )&TEXT(ABS(T99/24),"[hh]° mm' ss.00")&"""" -> 00° 56' 58.69" | T99: =Hp*COS(hc*PI) -> 0.94963553
I100: 14 | J100: ALTITUDE BULAN TOPOCENTRIC / IRTIFA'UL QOMAR MAR'I (hc') | R100: =IF(T100<0,"- ", )&TEXT(ABS(T100/24),"[hh]° mm' ss.00")&"""" -> - 01° 47' 07.08" | T100: =hc-P -> -1.7853006
I101: 15 | J101: ILLUMINATION / NURUL HILAL (nh)
J102: d = ELONGASI | L102: i | O102: M1/S1 | P102: M1/S2 | Q102: AL - KASRU
J103: =ACOS(COS((T69-T35)*PI)*COS(T77*PI))/PI -> 1.1388368 | L103: =180-J103-0.1468*((1-0.0549*SIN(Q27*N4)/(1-0.0167*SIN(O27*N4)))*SIN(J103*N4)) -> 178.86116 | O103: =INT(L103) -> 178 | P103: =O103+1 -> 179 | Q103: =L103-INT(L103) -> 0.86116322
J104: =IF(J103<0,"- ", )&TEXT(ABS(J103/24),"[hh]° mm' ss.00")&"""" -> 01° 08' 19.81" | L104: =IF(L103<0,"- ", )&TEXT(ABS(L103/24),"[hh]° mm' ss.00") -> 178° 51' 40.19 | O104: =VLOOKUP(O103,TDL,31) -> 0.0003 | P104: =VLOOKUP(P103,TDL,31) -> 0.0001
...

Sheet Delta T
B2: TGL | C2: =PROSES!D38 -> 17
B3: BLN | C3: =PROSES!D33 -> 2
B4: THN | C4: =PROSES!D29 -> 2026
B6: Th | C6: =C4+(C3-1)/12+C2/365 -> 2026.1299
B7: Sbelum -500 | C7: =IF(C4<=-500,-20+32*(C6/100-18.2)*(C6/100-18.2),0) -> 0
B8: -500 s/d 500 | C8: =IF(AND(C4>-500,C4<=501),10583.6-1014.41*(C6/100)+33.78311*(C6/100)*(C6/100)-5.952053*(C6/100)*(C6/100)*(C6/100)-0.1798452*(C6/100)*(C6/100)*(C6/100)*(C6/100)+0.022174192*(C6/100)*(C6/100)*(C6/100)*(C6/100)*(C6/100)+0.0090316521*(C6/100)*(C6/100)*(C6/100)*(C6/100)*(C6/100)*(C6/100),0) -> 0
B9: 500 s/d 1600 | C9: =IF(AND(C$5>500,C$5<=1601),1574.2-556.01*(C6/100-10)+71.23472*(C6/100-10)*(C6/100-10)+0.319781*(C6/100-10)*(C6/100-10)*(C6/100-10)-0.8503463*(C6/100-10)*(C6/100-10)*(C6/100-10)*(C6/100-10)-0.005050998*(C6/100-10)*(C6/100-10)*(C6/100-10)*(C6/100-10)*(C6/100-10)+0.0083572073*(C6/100-10)*(C6/100-10)*(C6/100-10)*(C6/100-10)*(C6/100-10)*(C6/100-10),0) -> 0
B10: 1601 s/d 1700 | C10: =IF(AND(C4>1600,C4<=1701),120-0.9808*(C6-1600)-0.01532*(C6-1600)*(C6-1600)+(C6-1600)*(C6-1600)*(C6-1600)/7129,0) -> 0
B11: 1701 s/d 1800 | C11: =IF(AND(C4>1700,C4<=1801),8.83+0.1603*(C6-1700)-0.0059285*(C6-1700)*(C6-1700)+0.00013336*(C6-1700)*(C6-1700)*(C6-1700)-(C6-1700)*(C6-1700)*(C6-1700)*(C6-1700)/1174000,0) -> 0
B12: 1801 s/d 1860 | C12: =IF(AND(C4>1800,C4<=1861),13.72-0.332447*(C6-1800)+0.0068612*(C6-1800)*(C6-1800)+0.0041116*(C6-1800)*(C6-1800)*(C6-1800)-0.00037436*(C6-1800)*(C6-1800)*(C6-1800)*(C6-1800)+0.0000121272*(C6-1800)*(C6-1800)*(C6-1800)*(C6-1800)*(C6-1800)-0.0000001699*(C6-1800)*(C6-1800)*(C6-1800)*(C6-1800)*(C6-1800)*(C6-1800)+0.000000000875*(C6-1800)*(C6-1800)*(C6-1800)*(C6-1800)*(C6-1800)*(C6-1800)*(C6-1800),0) -> 0
B13: 1861 s/d 1900 | C13: =IF(AND(C4>1860,C4<=1901),7.62+0.5737*(C6-1860)-0.251754*(C6-1860)*(C6-1860)+0.01680668*(C6-1860)*(C6-1860)*(C6-1860)-0.0004473624*(C6-1860)*(C6-1860)*(C6-1860)*(C6-1860)+(C6-1860)*(C6-1860)*(C6-1860)*(C6-1860)*(C6-1860)/233174,0) -> 0
B14: 1901 s/d 1920 | C14: =IF(AND(C4>1900,C4<=1921),-2.79+1.494119*(C6-1900)-0.0598939*(C6-1900)*(C6-1900)+0.0061966*(C6-1900)*(C6-1900)*(C6-1900)-0.000197*(C6-1900)*(C6-1900)*(C6-1900)*(C6-1900),0) -> 0
B15: 1921 s/d 1941 | C15: =IF(AND(C4>1920,C4<=1942),21.2+0.84493*(C6-1920)-0.0761*(C6-1920)*(C6-1920)+0.0020936*(C6-1920)*(C6-1920)*(C6-1920),0) -> 0
B16: 1942 s/d 1961 | C16: =IF(AND(C4>1941,C4<=1962),29.07+0.407*(C6-1950)-(C6-1950)*(C6-1950)/233+(C6-1950)*(C6-1950)*(C6-1950)/2547,0) -> 0
B17: 1962 s/d 1986 | C17: =IF(AND(C4>1961,C4<1987),45.45+1.067*(C6-1975)-(C6-1975)*(C6-1975)/260-(C6-1975)*(C6-1975)*(C6-1975)/718,0) -> 0
B18: 1987 s/d 2005 | C18: =IF(AND(C4>1986,C4<2006),63.86+0.3345*(C6-2000)-0.060374+(C6-2000)*(C6-2000)+0.0017275*(C6-2000)*(C6-2000)+0.000651814*(C6-2000)*(C6-2000)*(C6-2000)*(C6-2000)+0.00002373599*(C6-2000)*(C6-2000)*(C6-2000)*(C6-2000)*(C6-2000),0) -> 0
B19: 2006 s/d 2050 | C19: =IF(AND(C4>2005,C4<2051),62.92+0.32217*(C6-2000)+0.005589*(C6-2000)*(C6-2000),0) -> 75.154286
B20: 2051 s/d 2150 | C20: =IF(AND(C4>2050,C4<2151),-20+32*((C6-1820)/100)*((C6-1820)/100)-0.5628*(2150-C6),0) -> 0
B21: 2151 s/d Seterusnya | C21: =IF(C6>2150,-20+32*((C6-1820)/100)*((C6-1820)/100),0) -> 0
B22: Delta T | C22: =SUM(C7:C21) -> 75.154286

Sheet HAROKAT
B2: جدول الحركات في السنين المجموعة لطلب الإجنماع | H2: جدول الحركات في السنين المجموعة لحركات الشمس والقمر على طول سمفانج
B3: السنة | C3: علامة | D3: حصة العرض | E3: الخاصة | F3: المركز | H3: السنة الهجرية | I3: العلامة | J3: الأيام | L3: وسط الشمس | M3: خاصتها | N3: وسط القمر | O3: خاصته | P3: حصة العرض | Q3: البعد | R3: الميل الكلى | S3: الوقت النجمى | U3: سنة مجموعة ميلادية
B4: الهجرية | C4: A | D4: F | E4: M' | F4: M | J4: h | K4: p | L4: S | M4: m | N4: M | O4: A | P4: N | Q4: D | R4: O | S4: ST | U4: a. Tahun Majmu'Ah | X4: DEKLINASI MATAHARI
B5: 1 | C5: 2 | D5: 3 | E5: 4 | F5: 5 | H5: 1 | I5: 2 | J5: 3 | K5: 4 | L5: 5 | M5: 6 | N5: 7 | O5: 8 | P5: 9 | Q5: 10 | R5: 11 | S5: 12 | U5: سنة | V5: يوليان | X5: TGL | Y5: JANUARI | Z5: PEBRUARI | AA5: MARET | AB5: APRIL | AC5: MEI | AD5: JUNI | AE5: JULI | AF5: AGUSTUS | AG5: SEPTEMBER | AH5: OKTOBER | AI5: NOPEMBER | AJ5: DESEMBER
B6: -180 | C6: 1884297.1 | D6: 330.6204 | E6: 6.7173 | F6: 357.7517 | H6: -180 | I6: 1884298 | J6: 6 | K6: 0 | L6: 255.2142 | M6: 358.8716 | N6: 269.059 | O6: 21.4402 | P6: 345.6697 | Q6: 13.8454 | R6: 23.639325 | S6: 321.9755 | U6: 400 | V6: 1867157 | X6: 1 | Y6: -23.024703 | Z6: -17.186725 | AA6: -7.3244389 | AB6: 4.8051139 | AC6: 15.283111 | AD6: 22.143508 | AE6: 23.056442 | AF6: 17.838389 | AG6: 8.0285167 | AH6: -3.4506917 | AI6: -14.642633 | AJ6: -21.901447
B7: -150 | C7: 1894928.1 | D7: 212.0162 | E7: 300.7155 | F7: 35.6803 | H7: -150 | I7: 1894929 | J7: 4 | K7: 1 | L7: 293.6286 | M7: 36.7896 | N7: 307.3423 | O7: 315.303 | P7: 226.9225 | Q7: 13.7143 | R7: 23.635645 | S7: 0.3891 | U7: 500 | V7: 1903682 | X7: 2 | Y7: -22.9409 | Z7: -16.901314 | AA7: -6.9423944 | AB7: 5.18935 | AC7: 15.580631 | AD7: 22.271611 | AE7: 22.981228 | AF7: 17.581019 | AG7: 7.6634611 | AH7: -3.8377222 | AI7: -14.958239 | AJ7: -22.048728
B8: -120 | C8: 1905559.1 | D8: 93.4118 | E8: 234.7155 | F8: 73.6088 | H8: -120 | I8: 1905560 | J8: 2 | K8: 2 | L8: 332.043 | M8: 74.7076 | N8: 345.6254 | O8: 249.1672 | P8: 108.1747 | Q8: 13.5829 | R8: 23.631962 | S8: 38.8029 | U8: 600 | V8: 1940207 | X8: 3 | Y8: -22.849481 | Z8: -16.610964 | AA8: -6.5587111 | AB8: 5.5720528 | AC8: 15.87385 | AD8: 22.393228 | AE8: 22.899336 | AF8: 17.318892 | AG8: 7.2963417 | AH8: -4.2240139 | AI8: -15.269789 | AJ8: -22.188931
B9: -90 | C9: 1916190.1 | D9: 334.8072 | E9: 168.7173 | F9: 111.5374 | H9: -90 | I9: 1916191 | J9: 0 | K9: 3 | L9: 10.4575 | M9: 112.6255 | N9: 23.9082 | O9: 183.0327 | P9: 349.4264 | Q9: 13.4512 | R9: 23.628275 | S9: 77.2167 | U9: 700 | V9: 1976732 | X9: 4 | Y9: -22.750486 | Z9: -16.315789 | AA9: -6.1735028 | AB9: 5.9531333 | AC9: 16.162681 | AD9: 22.508319 | AE9: 22.810797 | AF9: 17.052083 | AG9: 6.9272528 | AH9: -4.6094722 | AI9: -15.577175 | AJ9: -22.321981
B10: -60 | C10: 1926821.1 | D10: 216.2022 | E10: 102.721 | F10: 149.466 | H10: -60 | I10: 1926822 | J10: 5 | K10: 4 | L10: 48.872 | M10: 150.5434 | N10: 62.1907 | O10: 116.8997 | P10: 230.6775 | Q10: 13.3192 | R10: 23.624584 | S10: 115.6305 | U10: 800 | V10: 2013257 | X10: 5 | Y10: -22.643964 | Z10: -16.015903 | AA10: -5.786875 | AB10: 6.3324917 | AC10: 16.447039 | AD10: 22.616842 | AE10: 22.71565 | AF10: 16.780683 | AG10: 6.5562778 | AH10: -4.9939917 | AI10: -15.880278 | AJ10: -22.447811
B11: -30 | C11: 1937452.1 | D11: 97.597 | E11: 36.7265 | F11: 187.3946 | H11: -30 | I11: 1937453 | J11: 3 | K11: 0 | L11: 87.2866 | M11: 188.4613 | N11: 100.473 | O11: 50.7681 | P11: 111.928 | Q11: 13.1869 | R11: 23.620889 | S11: 154.0445 | U11: 900 | V11: 2049782 | X11: 6 | Y11: -22.529969 | Z11: -15.711419 | AA11: -5.3989389 | AB11: 6.7100333 | AC11: 16.726836 | AD11: 22.718753 | AE11: 22.613931 | AF11: 16.504767 | AG11: 6.1835111 | AH11: -5.3774778 | AI11: -16.178992 | AJ11: -22.566358
B12: 0 | C12: 1948083.1 | D12: 338.9915 | E12: 330.7338 | F12: 225.3232 | H12: 0 | I12: 1948084 | J12: 1 | K12: 1 | L12: 125.7012 | M12: 226.3791 | N12: 138.7551 | O12: 344.6378 | P12: 353.1779 | Q12: 13.0543 | R12: 23.617191 | S12: 192.4585 | U12: 1000 | V12: 2086307 | X12: 7 | Y12: -22.408556 | Z12: -15.402456 | AA12: -5.0098 | AB12: 7.0856611 | AC12: 17.001992 | AD12: 22.814022 | AE12: 22.505681 | AF12: 16.224425 | AG12: 5.8090417 | AH12: -5.759825 | AI12: -16.473197 | AJ12: -22.677553
B13: 30 | C13: 1958714.1 | D13: 220.3857 | E13: 264.7429 | F13: 263.2517 | H13: 30 | I13: 1958715 | J13: 6 | K13: 2 | L13: 164.1159 | M13: 264.2969 | N13: 177.0369 | O13: 278.509 | P13: 234.4273 | Q13: 12.9214 | R13: 23.613489 | S13: 230.8725 | U13: 1100 | V13: 2122832 | X13: 8 | Y13: -22.279781 | Z13: -15.089122 | AA13: -4.6195639 | AB13: 7.4592833 | AC13: 17.272417 | AD13: 22.902611 | AE13: 22.390947 | AF13: 15.939736 | AG13: 5.4329583 | AH13: -6.1409333 | AI13: -16.762789 | AJ13: -22.781342
B14: 60 | C14: 1969345.1 | D14: 101.7797 | E14: 198.7539 | F14: 301.1803 | H14: 60 | I14: 1969346 | J14: 4 | K14: 3 | L14: 202.5306 | M14: 302.2147 | N14: 215.3185 | O14: 212.3816 | P14: 115.6761 | Q14: 12.7883 | R14: 23.609783 | S14: 269.2867 | U14: 1200 | V14: 2159357 | X14: 9 | Y14: -22.143711 | Z14: -14.771539 | AA14: -4.2283389 | AB14: 7.8308028 | AC14: 17.538031 | AD14: 22.984486 | AE14: 22.269772 | AF14: 15.650789 | AG14: 5.0553556 | AH14: -6.5207 | AI14: -17.04765 | AJ14: -22.877667
B15: 90 | C15: 1979976.1 | D15: 343.1734 | E15: 132.7667 | F15: 339.1089 | H15: 90 | I15: 1979977 | J15: 2 | K15: 4 | L15: 240.9454 | M15: 340.1325 | N15: 253.5999 | O15: 146.2557 | P15: 356.9243 | Q15: 12.6548 | R15: 23.606074 | S15: 307.7009 | U15: 1300 | V15: 2195882 | X15: 10 | Y15: -22.000411 | Z15: -14.449819 | AA15: -3.8362306 | AB15: 8.2001278 | AC15: 17.798753 | AD15: 23.059622 | AE15: 22.142206 | AF15: 15.357667 | AG15: 4.6763194 | AH15: -6.899025 | AI15: -17.327669 | AJ15: -22.966475
B16: 120 | C16: 1990607.2 | D16: 224.5668 | E16: 66.7813 | F16: 17.0374 | H16: 120 | I16: 1990608 | J16: 0 | K16: 0 | L16: 279.3602 | M16: 18.0502 | N16: 291.881 | O16: 80.1311 | P16: 238.172 | Q16: 12.5211 | R16: 23.602362 | S16: 346.1151 | U16: 1400 | V16: 2232407 | X16: 11 | Y16: -21.84995 | Z16: -14.124078 | AA16: -3.4433444 | AB16: 8.5671583 | AC16: 18.054497 | AD16: 23.127992 | AE16: 22.008297 | AF16: 15.060453 | AG16: 4.2959444 | AH16: -7.2758056 | AI16: -17.602739 | AJ16: -23.047714
B17: 150 | C17: 2001238.2 | D17: 105.9599 | E17: 0.7978 | F17: 54.966 | H17: 150 | I17: 2001239 | J17: 5 | K17: 1 | L17: 317.7751 | M17: 55.968 | N17: 330.1619 | O17: 14.008 | P17: 119.4191 | Q17: 12.3871 | R17: 23.598647 | S17: 24.5295 | U17: 1500 | V17: 2268932 | X17: 12 | Y17: -21.692397 | Z17: -13.794433 | AA17: -3.0497861 | AB17: 8.9318028 | AC17: 18.305186 | AD17: 23.189567 | AE17: 21.868097 | AF17: 14.759239 | AG17: 3.9143194 | AH17: -7.6509361 | AI17: -17.872744 | AJ17: -23.121344
... B31: 570 | C31: 2150072.3 | D31: 245.4344 | E31: 157.2226 | F31: 225.9655 | H31: 570 | I31: 2150073 | J31: 5 | K31: 0 | L31: 135.5889 | M31: 226.8132 | N31: 146.0692 | O31: 168.4347 | P31: 256.8177 | Q31: 10.4805 | R31: 23.546331 | S31: 202.337 | U31: 2900 | V31: 2780262 | X31: 26 | Y31: -18.789233 | Z31: -8.8340694 | AA31: 2.4730306 | AB31: 13.734067 | AC31: 21.241456 | AD31: 23.331281 | AE31: 19.278169 | AF31: 10.170519 | AG31: -1.5079278 | AH31: -12.670153 | AI31: -21.061606 | AJ31: -23.336967
B32: 600 | C32: 2160703.3 | D32: 126.8233 | E32: 91.2669 | F32: 263.894 | H32: 600 | I32: 2160704 | J32: 3 | K32: 1 | L32: 174.0046 | M32: 264.7306 | N32: 184.3465 | O32: 102.3332 | P32: 138.0562 | Q32: 10.3422 | R32: 23.542576 | S32: 240.7523 | X32: 27 | Y32: -18.535789 | Z32: -8.4596667 | AA32: 2.8644 | AB32: 14.051772 | AC32: 21.407419 | AD32: 23.289894 | AE32: 19.051033 | AF32: 9.8197194 | AG32: -1.8971722 | AH32: -13.007722 | AI32: -21.243092 | AJ32: -23.293689
B33: 630 | C33: 2171334.3 | D33: 8.212 | E33: 25.3131 | F33: 301.8225 | H33: 630 | I33: 2171335 | J33: 1 | K33: 2 | L33: 212.4203 | M33: 302.6478 | N33: 222.6236 | O33: 36.2332 | P33: 19.2941 | Q33: 10.2036 | R33: 23.538818 | S33: 279.1677 | X33: 28 | Y33: -18.276742 | Z33: -8.0831861 | AA33: 3.254825 | AB33: 14.365619 | AC33: 21.567211 | AD33: 23.241694 | AE33: 18.818661 | AF33: 9.4663194 | AG33: -2.2861667 | AH33: -13.341914 | AI33: -21.417906 | AJ33: -23.242619
B34: 660 | C34: 2181965.4 | D34: 249.6003 | E34: 319.3612 | F34: 339.751 | H34: 660 | I34: 2181966 | J34: 6 | K34: 3 | L34: 250.836 | M34: 340.5651 | N34: 260.9005 | O34: 330.1346 | P34: 260.5314 | Q34: 10.0647 | R34: 23.535059 | S34: 317.5832 | X34: 29 | Y34: -18.012206 | Z34: -7.7047417 | AA34: 3.6442083 | AB34: 14.675517 | AC34: 21.720767 | AD34: 23.186703 | AE34: 18.581133 | AF34: 9.1104111 | AG34: -2.6748167 | AH34: -13.672614 | AI34: -21.585958 | AJ34: -23.183786
B35: 690 | C35: 2192596.4 | D35: 130.9884 | E35: 253.4111 | F35: 17.6795 | H35: 690 | I35: 2192597 | J35: 4 | K35: 4 | L35: 289.2518 | M35: 18.4824 | N35: 299.1771 | O35: 264.0374 | P35: 141.7681 | Q35: 9.9255 | R35: 23.531298 | S35: 355.9987 | X35: 30 | Y35: -17.742281 | AA35: 4.0324472 | AB35: 14.981378 | AC35: 21.868036 | AD35: 23.124942 | AE35: 18.338528 | AF35: 8.7520806 | AG35: -3.063025 | AH35: -13.999706 | AI35: -21.747167 | AJ35: -23.117217
B36: 720 | C36: 2203227.4 | D36: 12.3762 | E36: 187.463 | F36: 55.608 | H36: 720 | I36: 2203228 | J36: 2 | K36: 0 | L36: 327.6677 | M36: 56.3996 | N36: 337.4535 | O36: 197.9418 | P36: 23.0042 | Q36: 9.786 | R36: 23.527535 | S36: 34.4143 | X36: 31 | Y36: -17.467083 | AA36: 4.41945 | AC36: 22.008967 | AE36: 18.090919 | AF36: 8.3914194 | AH36: -14.323083 | AJ36: -23.042939
B37: 750 | C37: 2213858.4 | D37: 253.7637 | E37: 121.5167 | F37: 93.5365 | H37: 750 | I37: 2213859 | J37: 0 | K37: 1 | L37: 6.0836 | M37: 94.3168 | N37: 15.7297 | O37: 131.8476 | P37: 264.2398 | Q37: 9.6463 | R37: 23.52377 | S37: 72.8299
B38: 780 | C38: 2224489.4 | D38: 135.1509 | E38: 55.5723 | F38: 131.465 | H38: 780 | I38: 2224490 | J38: 5 | K38: 2 | L38: 44.4996 | M38: 132.2339 | N38: 54.0056 | O38: 65.7549 | P38: 145.4748 | Q38: 9.5063 | R38: 23.520003 | S38: 111.2456 | X38: EQUATION OF TIME MATAHARI
B39: 810 | C39: 2235120.4 | D39: 16.5379 | E39: 349.6298 | F39: 169.3935 | H39: 810 | I39: 2235121 | J39: 3 | K39: 3 | L39: 82.9156 | M39: 170.1511 | N39: 92.2813 | O39: 359.6637 | P39: 26.7092 | Q39: 9.3659 | R39: 23.516235 | S39: 149.6614 | X39: TGL | Y39: JANUARI | Z39: PEBRUARI | AA39: MARET | AB39: APRIL | AC39: MEI | AD39: JUNI | AE39: JULI | AF39: AGUSTUS | AG39: SEPTEMBER | AH39: OKTOBER | AI39: NOPEMBER | AJ39: DESEMBER
B40: 840 | C40: 2245751.4 | D40: 257.9245 | E40: 283.6892 | F40: 207.3219 | H40: 840 | I40: 2245752 | J40: 1 | K40: 4 | L40: 121.3316 | M40: 208.0682 | N40: 130.5568 | O40: 293.574 | P40: 267.9431 | Q40: 9.2254 | R40: 23.512465 | S40: 188.0772 | X40: 1 | Y40: -0.054577778 | Z40: -0.22446667 | AA40: -0.20363333 | AB40: -0.061902778 | AC40: 0.049794444 | AD40: 0.035652778 | AE40: -0.065147222 | AF40: -0.10441944 | AG40: 0.0030055556 | AH40: 0.17536389 | AI40: 0.27439722 | AJ40: 0.18088611
B41: 870 | C41: 2256382.4 | D41: 139.3109 | E41: 217.7504 | F41: 245.2504 | H41: 870 | I41: 2256383 | J41: 6 | K41: 0 | L41: 159.7478 | M41: 245.9853 | N41: 168.8321 | O41: 227.4857 | P41: 149.1763 | Q41: 9.0845 | R41: 23.508694 | S41: 226.4932 | X41: 2 | Y41: -0.062430556 | Z41: -0.22667778 | AA41: -0.20025 | AB41: -0.056983333 | AC41: 0.051638889 | AD41: 0.032991667 | AE41: -0.065052778 | AF41: -0.10320833 | AG41: 0.008375 | AH41: 0.18065556 | AI41: 0.27460556 | AJ41: 0.17447778
B42: 900 | C42: 2267013.5 | D42: 20.697 | E42: 151.8136 | F42: 283.1789 | H42: 900 | I42: 2267014 | J42: 4 | K42: 1 | L42: 198.1639 | M42: 283.9023 | N42: 207.1071 | O42: 161.3989 | P42: 30.409 | Q42: 8.9433 | R42: 23.504921 | S42: 264.9091 | X42: 3 | Y42: -0.070188889 | Z42: -0.22865833 | AA42: -0.19673611 | AB42: -0.052105556 | AC42: 0.053327778 | AD42: 0.030227778 | AE42: -0.071333333 | AF42: -0.10182778 | AG42: 0.013822222 | AH42: 0.18585556 | AI42: 0.27458611 | AJ42: 0.16789722
B43: 930 | C43: 2277644.5 | D43: 262.0828 | E43: 85.8787 | F43: 321.1074 | H43: 930 | I43: 2277645 | J43: 2 | K43: 2 | L43: 236.5801 | M43: 321.8194 | N43: 245.3819 | O43: 95.3136 | P43: 271.6411 | Q43: 8.8019 | R43: 23.501147 | S43: 303.3252 | X43: 4 | Y43: -0.077847222 | Z43: -0.23041667 | AA43: -0.19309722 | AB43: -0.047269444 | AC43: 0.054866667 | AD43: 0.027366667 | AE43: -0.0743 | AF43: -0.10028056 | AG43: 0.019338889 | AH43: 0.19096111 | AI43: 0.27433889 | AJ43: 0.16115833
B44: 960 | C44: 2288275.5 | D44: 143.4683 | E44: 19.9457 | F44: 359.0358 | H44: 960 | I44: 2288276 | J44: 0 | K44: 3 | L44: 274.9964 | M44: 359.7364 | N44: 283.6564 | O44: 29.2298 | P44: 152.8727 | Q44: 8.6602 | R44: 23.497372 | S44: 341.7413 | X44: 5 | Y44: -0.085391667 | Z44: -0.23194722 | AA44: -0.18933333 | AB44: -0.042486111 | AC44: 0.056247222 | AD44: 0.024413889 | AE44: -0.077175 | AF44: -0.098566667 | AG44: 0.024919444 | AH44: 0.19596667 | AI44: 0.27386389 | AJ44: 0.15426111
B45: 990 | C45: 2298906.5 | D45: 24.8535 | E45: 314.0145 | F45: 36.9643 | H45: 990 | I45: 2298907 | J45: 5 | K45: 4 | L45: 313.4127 | M45: 37.6534 | N45: 321.9307 | O45: 323.1475 | P45: 34.1037 | Q45: 8.5182 | R45: 23.493596 | S45: 20.1575 | X45: 6 | Y45: -0.092819444 | Z45: -0.23325556 | AA45: -0.18545278 | AB45: -0.037755556 | AC45: 0.057472222 | AD45: 0.021375 | AE45: -0.07995 | AF45: -0.096688889 | AG45: 0.030561111 | AH45: 0.20086667 | AI45: 0.27315556 | AJ45: 0.14721389
B46: 1020 | C46: 2309537.5 | D46: 266.2384 | E46: 248.0853 | F46: 74.8928 | H46: 1020 | I46: 2309538 | J46: 3 | K46: 0 | L46: 351.8291 | M46: 75.5703 | N46: 0.2048 | O46: 257.0667 | P46: 275.334 | Q46: 8.3759 | R46: 23.489818 | S46: 58.5737 | X46: 7 | Y46: -0.099877778 | Z46: -0.23433889 | AA46: -0.18146389 | AB46: -0.033083333 | AC46: 0.058541667 | AD46: 0.018252778 | AE46: -0.082619444 | AF46: -0.094644444 | AG46: 0.036255556 | AH46: 0.20565556 | AI46: 0.27221667 | AJ46: 0.140025
B47: 1050 | C47: 2320168.5 | D47: 147.623 | E47: 182.158 | F47: 112.8212 | H47: 1050 | I47: 2320169 | J47: 1 | K47: 1 | L47: 30.2455 | M47: 113.4873 | N47: 38.4787 | O47: 190.9873 | P47: 156.5639 | Q47: 8.2333 | R47: 23.48604 | S47: 96.99 | X47: 8 | Y47: -0.10728889 | Z47: -0.2352 | AA47: -0.17736667 | AB47: -0.028475 | AC47: 0.059452778 | AD47: 0.015055556 | AE47: -0.085183333 | AF47: -0.092436111 | AG47: 0.042002778 | AH47: 0.210325 | AI47: 0.27104167 | AJ47: 0.13270556
B48: 1080 | C48: 2330799.5 | D48: 29.0074 | E48: 116.2326 | F48: 150.7497 | H48: 1080 | I48: 2330800 | J48: 6 | K48: 2 | L48: 68.662 | M48: 151.4042 | N48: 76.7523 | O48: 124.9095 | P48: 37.7931 | Q48: 8.0905 | R48: 23.48226 | S48: 135.4064 | X48: 9 | Y48: -0.11431389 | Z48: -0.23584167 | AA48: -0.17316944 | AB48: -0.023936111 | AC48: 0.060205556 | AD48: 0.011788889 | AE48: -0.087633333 | AF48: -0.090066667 | AG48: 0.047791667 | AH48: 0.214875 | AI48: 0.26963333 | AJ48: 0.12525556
B49: 1110 | C49: 2341430.5 | D49: 270.3914 | E49: 50.3091 | F49: 188.6781 | H49: 1110 | I49: 2341431 | J49: 4 | K49: 3 | L49: 107.0785 | M49: 189.321 | N49: 115.0257 | O49: 58.8332 | P49: 279.0218 | Q49: 7.9474 | R49: 23.47848 | S49: 173.8228 | X49: 10 | Y49: -0.12119167 | Z49: -0.23626389 | AA49: -0.16887778 | AB49: -0.019472222 | AC49: 0.0608 | AD49: 0.0084583333 | AE49: -0.089966667 | AF49: -0.087538889 | AG49: 0.053622222 | AH49: 0.21929444 | AI49: 0.26798889 | AJ49: 0.11769167
B50: 1140 | C50: 2352061.5 | D50: 151.7752 | E50: 344.3875 | F50: 226.6066 | H50: 1140 | I50: 2352062 | J50: 2 | K50: 4 | L50: 145.4951 | M50: 227.2379 | N50: 153.2989 | O50: 352.7583 | P50: 160.2498 | Q50: 7.804 | R50: 23.474699 | S50: 212.2393 | X50: 11 | Y50: -0.12791389 | Z50: -0.23647222 | AA50: -0.16449722 | AB50: -0.015086111 | AC50: 0.061233333 | AD50: 0.0050666667 | AE50: -0.092175 | AF50: -0.08485 | AG50: 0.059483333 | AH50: 0.22358056 | AI50: 0.26610833 | AJ50: 0.11001389
B51: 1170 | C51: 2362692.6 | D51: 33.1587 | E51: 278.4679 | F51: 264.535 | H51: 1170 | I51: 2362693 | J51: 0 | K51: 0 | L51: 183.9118 | M51: 265.1547 | N51: 191.5719 | O51: 286.685 | P51: 41.4774 | Q51: 7.6603 | R51: 23.470917 | S51: 250.6559 | X51: 12 | Y51: -0.134475 | Z51: -0.23646667 | AA51: -0.16003333 | AB51: -0.010786111 | AC51: 0.061508333 | AD51: 0.001625 | AE51: -0.094258333 | AF51: -0.082008333 | AG51: 0.065375 | AH51: 0.22773056 | AI51: 0.26399167 | AJ51: 0.10223611
... B68: 1680 | C68: 2543419.8 | D68: 176.6572 | E68: 237.9936 | F68: 189.3124 | H68: 1680 | I68: 2543420 | J68: 1 | K68: 2 | L68: 117.0023 | M68: 189.7368 | N68: 122.1776 | O68: 243.6706 | P68: 182.2568 | Q68: 5.1755 | R68: 23.406587 | S68: 183.7476 | X68: 29 | Y68: -0.216475 | Z68: -0.20687778 | AA68: -0.076836111 | AB68: 0.045661111 | AC68: 0.042975 | AD68: -0.058658333 | AE68: -0.10703889 | AF68: -0.012613889 | AG68: 0.16453611 | AH68: 0.27244722 | AI68: 0.19317222 | AJ68: -0.029986111
B69: 1710 | C69: 2554050.8 | D69: 58.0395 | E69: 172.0841 | F69: 227.2406 | H69: 1710 | I69: 2554051 | J69: 6 | K69: 3 | L69: 155.4199 | M69: 227.6531 | N69: 160.4465 | O69: 177.6248 | P69: 63.474 | Q69: 5.0268 | R69: 23.402805 | S69: 222.1654 | X69: 30 | Y69: -0.21936389 | AA69: -0.071833333 | AB69: 0.047802778 | AC69: 0.04065 | AD69: -0.061936111 | AE69: -0.10633333 | AF69: -0.0074944444 | AG69: 0.16998889 | AH69: 0.27331667 | AI69: 0.18711944 | AJ69: -0.021952778
B70: 1740 | C70: 2564681.8 | D70: 299.4218 | E70: 106.1746 | F70: 265.1688 | H70: 1740 | I70: 2564682 | J70: 4 | K70: 4 | L70: 193.8375 | M70: 265.5695 | N70: 198.7152 | O70: 111.5804 | P70: 304.6905 | Q70: 4.8779 | R70: 23.399024 | S70: 260.5832 | X70: 31 | Y70: -0.22203056 | AA70: -0.066852778 | AC70: 0.038205556 | AE70: -0.10546111 | AF70: -0.0022861111 | AH70: 0.27396667 | AJ70: -0.047330556
B71: 1770 | C71: 2575312.8 | D71: 180.8041 | E71: 40.2651 | F71: 303.097 | H71: 1770 | I71: 2575313 | J71: 2 | K71: 0 | L71: 232.2552 | M71: 303.4858 | N71: 236.9837 | O71: 45.5376 | P71: 185.9065 | Q71: 4.7287 | R71: 23.395243 | S71: 299.0011
B73: جدول الحركات في السنين المبسوطة لطلب الإجنماع | H73: جدول الحركات في السنين المبسوطة لحركات الشمس والقمر | X73: DEKLINASI MATAHARI | AB73: EQUAN OF TIME | AF73: UMUR BULAN KABISAT & BASITHOH
B74: السنة | C74: علامة | D74: حصة العرض | E74: الخاصة | F74: المركز | H74: السنة الهجرية | I74: العلامة | J74: الأيام | L74: وسط الشمس | M74: خاصتها | N74: وسط القمر | O74: خاصته | P74: حصة العرض | Q74: البعد | R74: الميل الكلى | S74: الوقت النجمى | U74: b. Tahun Mabsuthah | X74: 1 | Y74: -23.024703 | Z74: -23.024703 | AB74: 1 | AC74: -0.054577778 | AD74: -0.054577778 | AF74: 1 | AG74: 31 | AH74: 31
B75: الهجرية | C75: A | D75: F | E75: M' | F75: M | J75: h | K75: p | L75: S | M75: m | N75: M | O75: A | P75: N | Q75: D | R75: O | S75: ST | U75: سنة | V75: يوليان | X75: =X74+1 -> 2 | Y75: -22.9409 | Z75: -22.9409 | AB75: =AB74+1 -> 2 | AC75: -0.062430556 | AD75: -0.062430556 | AF75: =AF74+1 -> 2 | AG75: 59 | AH75: 60
B76: 1 | C76: 2 | D76: 3 | E76: 4 | F76: 5 | H76: 1 | I76: 2 | J76: 3 | K76: 4 | L76: 5 | M76: 6 | N76: 7 | O76: 8 | P76: 9 | Q76: 10 | R76: 11 | S76: 12 | U76: 0 | V76: 0 | X76: =X75+1 -> 3 | Y76: -22.849481 | Z76: -22.849481 | AB76: =AB75+1 -> 3 | AC76: -0.070188889 | AD76: -0.070188889 | AF76: =AF75+1 -> 3 | AG76: 90 | AH76: 91
B77: 1 | C77: 354.3671 | D77: 8.0461 | E77: 309.803 | F77: 349.2643 | H77: 0 | I77: 0 | J77: 0 | K77: 0 | L77: 0 | M77: 0 | N77: 0 | O77: 0 | P77: 0 | Q77: 0 | R77: 0 | S77: 0 | U77: 1 | V77: 365 | X77: =X76+1 -> 4 | Y77: -22.750486 | Z77: -22.750486 | AB77: =AB76+1 -> 4 | AC77: -0.077847222 | AD77: -0.077847222 | AF77: =AF76+1 -> 4 | AG77: 120 | AH77: 121
B78: 2 | C78: 708.7341 | D78: 16.0922 | E78: 259.606 | F78: 338.5285 | H78: 1 | I78: 354 | J78: 4 | K78: 4 | L78: 348.9192 | M78: 348.9025 | N78: 344.4444 | O78: 305.0075 | P78: 3.19 | Q78: 355.5252 | R78: -0.000126 | S78: 348.9192 | U78: 2 | V78: 730 | X78: =X77+1 -> 5 | Y78: -22.643964 | Z78: -22.643964 | AB78: =AB77+1 -> 5 | AC78: -0.085391667 | AD78: -0.085391667 | AF78: =AF77+1 -> 5 | AG78: 151 | AH78: 152
B79: 3 | C79: 1063.1012 | D79: 24.1382 | E79: 209.4091 | F79: 327.7928 | H79: 2 | I79: 708 | J79: 1 | K79: 3 | L79: 337.8383 | M79: 337.805 | N79: 328.8887 | O79: 250.015 | P79: 6.38 | Q79: 351.0504 | R79: -0.000252 | S79: 337.8383 | U79: 3 | V79: 1095 | X79: =X78+1 -> 6 | Y79: -22.529969 | Z79: -22.529969 | AB79: =AB78+1 -> 6 | AC79: -0.092819444 | AD79: -0.092819444 | AF79: =AF78+1 -> 6 | AG79: 181 | AH79: 182
B80: 4 | C80: 1417.4683 | D80: 32.1843 | E80: 159.2121 | F80: 317.0571 | H80: 3 | I80: 1063 | J80: 6 | K80: 3 | L80: 327.7431 | M80: 327.6931 | N80: 326.5095 | O80: 208.0875 | P80: 22.7993 | Q80: 358.7663 | R80: -0.000378 | S80: 327.7432 | U80: 4 | V80: 1461 | X80: =X79+1 -> 7 | Y80: -22.408556 | Z80: -22.408556 | AB80: =AB79+1 -> 7 | AC80: -0.099877778 | AD80: -0.099877778 | AF80: =AF79+1 -> 7 | AG80: 212 | AH80: 213
B81: 5 | C81: 1771.8353 | D81: 40.2304 | E81: 109.0151 | F81: 306.3214 | H81: 4 | I81: 1417 | J81: 3 | K81: 2 | L81: 316.6623 | M81: 316.5956 | N81: 310.9538 | O81: 153.095 | P81: 25.9893 | Q81: 354.2915 | R81: -0.000505 | S81: 316.6623 | U81: 5 | V81: 1826 | X81: =X80+1 -> 8 | Y81: -22.279781 | Z81: -22.279781 | AB81: =AB80+1 -> 8 | AC81: -0.10728889 | AD81: -0.10728889 | AF81: =AF80+1 -> 8 | AG81: 243 | AH81: 244
B82: 6 | C82: 2126.2024 | D82: 48.2765 | E82: 58.8181 | F82: 295.5856 | H82: 5 | I82: 1771 | J82: 0 | K82: 1 | L82: 305.5815 | M82: 305.4981 | N82: 295.3982 | O82: 98.1025 | P82: 29.1793 | Q82: 349.8167 | R82: -0.000631 | S82: 305.5815 | U82: 6 | V82: 2191 | X82: =X81+1 -> 9 | Y82: -22.143711 | Z82: -22.143711 | AB82: =AB81+1 -> 9 | AC82: -0.11431389 | AD82: -0.11431389 | AF82: =AF81+1 -> 9 | AG82: 273 | AH82: 274
B83: 7 | C83: 2480.5694 | D83: 56.3225 | E83: 8.6211 | F83: 284.8499 | H83: 6 | I83: 2126 | J83: 5 | K83: 1 | L83: 295.4863 | M83: 295.3862 | N83: 293.0189 | O83: 56.175 | P83: 45.5986 | Q83: 357.5326 | R83: -0.000757 | S83: 295.4863 | U83: 7 | V83: 2556 | X83: =X82+1 -> 10 | Y83: -22.000411 | Z83: -22.000411 | AB83: =AB82+1 -> 10 | AC83: -0.12119167 | AD83: -0.12119167 | AF83: =AF82+1 -> 10 | AG83: 304 | AH83: 305
B84: 8 | C84: 2834.9365 | D84: 64.3686 | E84: 318.4241 | F84: 274.1142 | H84: 7 | I84: 2480 | J84: 2 | K84: 0 | L84: 284.4055 | M84: 284.2887 | N84: 277.4633 | O84: 1.1826 | P84: 48.7886 | Q84: 353.0578 | R84: -0.000883 | S84: 284.4055 | U84: 8 | V84: 2922 | X84: =X83+1 -> 11 | Y84: -21.84995 | Z84: -21.84995 | AB84: =AB83+1 -> 11 | AC84: -0.12791389 | AD84: -0.12791389 | AF84: =AF83+1 -> 11 | AG84: 334 | AH84: 335
B85: 9 | C85: 3189.3036 | D85: 72.4147 | E85: 268.2272 | F85: 263.3785 | H85: 8 | I85: 2834 | J85: 6 | K85: 4 | L85: 273.3246 | M85: 273.1912 | N85: 261.9076 | O85: 306.1901 | P85: 51.9786 | Q85: 348.583 | R85: -0.001009 | S85: 273.3246 | U85: 9 | V85: 3287 | X85: =X84+1 -> 12 | Y85: -21.692397 | Z85: -21.692397 | AB85: =AB84+1 -> 12 | AC85: -0.134475 | AD85: -0.134475 | AF85: =AF84+1 -> 12 | AG85: 365 | AH85: 366
B86: 10 | C86: 3543.6706 | D86: 80.4608 | E86: 218.0302 | F86: 252.6427 | H86: 9 | I86: 3189 | J86: 4 | K86: 4 | L86: 263.2294 | M86: 263.0793 | N86: 259.5284 | O86: 264.2626 | P86: 68.3979 | Q86: 356.2989 | R86: -0.001135 | S86: 263.2295 | U86: 10 | V86: 3652 | X86: =X85+1 -> 13 | Y86: -21.527833 | Z86: -21.527833 | AB86: =AB85+1 -> 13 | AC86: -0.14086944 | AD86: -0.14086944
B87: 11 | C87: 3898.0377 | D87: 88.5069 | E87: 167.8332 | F87: 241.907 | H87: 10 | I87: 3543 | J87: 1 | K87: 3 | L87: 252.1486 | M87: 251.9818 | N87: 243.9727 | O87: 209.2701 | P87: 71.5879 | Q87: 351.8241 | R87: -0.001261 | S87: 252.1486 | U87: 11 | V87: 4017 | X87: =X86+1 -> 14 | Y87: -21.356333 | Z87: -21.356333 | AB87: =AB86+1 -> 14 | AC87: -0.14708889 | AD87: -0.14708889
B88: 12 | C88: 4252.4048 | D88: 96.5529 | E88: 117.6362 | F88: 231.1713 | H88: 11 | I88: 3898 | J88: 6 | K88: 3 | L88: 242.0534 | M88: 241.8699 | N88: 241.5935 | O88: 167.3426 | P88: 88.0072 | Q88: 359.54 | R88: -0.001388 | S88: 242.0534 | U88: 12 | V88: 4383 | X88: =X87+1 -> 15 | Y88: -21.177978 | Z88: -21.177978 | AB88: =AB87+1 -> 15 | AC88: -0.15313056 | AD88: -0.15313056
B89: 13 | C89: 4606.7718 | D89: 104.599 | E89: 67.4392 | F89: 220.4355 | H89: 12 | I89: 4252 | J89: 3 | K89: 2 | L89: 230.9726 | M89: 230.7724 | N89: 226.0378 | O89: 112.3502 | P89: 91.1972 | Q89: 355.0652 | R89: -0.001514 | S89: 230.9726 | U89: 13 | V89: 4748 | X89: =X88+1 -> 16 | Y89: -20.99285 | Z89: -20.99285 | AB89: =AB88+1 -> 16 | AC89: -0.15898611 | AD89: -0.15898611
B90: 14 | C90: 4961.1389 | D90: 112.6451 | E90: 17.2422 | F90: 209.6998 | H90: 13 | I90: 4606 | J90: 0 | K90: 1 | L90: 219.8917 | M90: 219.6749 | N90: 210.4822 | O90: 57.3577 | P90: 94.3872 | Q90: 350.5904 | R90: -0.00164 | S90: 219.8918 | U90: 14 | V90: 5113 | X90: =X89+1 -> 17 | Y90: -20.801039 | Z90: -20.801039 | AB90: =AB89+1 -> 17 | AC90: -0.16465278 | AD90: -0.16465278
B91: 15 | C91: 5315.506 | D91: 120.6912 | E91: 327.0453 | F91: 198.9641 | H91: 14 | I91: 4961 | J91: 5 | K91: 1 | L91: 209.7966 | M91: 209.563 | N91: 208.1029 | O91: 15.4302 | P91: 110.8065 | Q91: 358.3063 | R91: -0.001766 | S91: 209.7966 | U91: 15 | V91: 5478 | X91: =X90+1 -> 18 | Y91: -20.602628 | Z91: -20.602628 | AB91: =AB90+1 -> 18 | AC91: -0.170125 | AD91: -0.170125
B92: 16 | C92: 5669.873 | D92: 128.7372 | E92: 276.8483 | F92: 188.2284 | H92: 15 | I92: 5315 | J92: 2 | K92: 0 | L92: 198.7157 | M92: 198.4655 | N92: 192.5473 | O92: 320.4377 | P92: 113.9965 | Q92: 353.8315 | R92: -0.001892 | S92: 198.7158 | U92: 16 | V92: 5844 | X92: =X91+1 -> 19 | Y92: -20.397714 | Z92: -20.397714 | AB92: =AB91+1 -> 19 | AC92: -0.17539722 | AD92: -0.17539722
B93: 17 | C93: 6024.2401 | D93: 136.7833 | E93: 226.6513 | F93: 177.4926 | H93: 16 | I93: 5669 | J93: 6 | K93: 4 | L93: 187.6349 | M93: 187.368 | N93: 176.9916 | O93: 265.4453 | P93: 117.1864 | Q93: 349.3567 | R93: -0.002018 | S93: 187.6349 | U93: 17 | V93: 6209 | X93: =X92+1 -> 20 | Y93: -20.186389 | Z93: -20.186389 | AB93: =AB92+1 -> 20 | AC93: -0.18046944 | AD93: -0.18046944
B94: 18 | C94: 6378.6072 | D94: 144.8294 | E94: 176.4543 | F94: 166.7569 | H94: 17 | I94: 6024 | J94: 4 | K94: 4 | L94: 177.5397 | M94: 177.2561 | N94: 174.6123 | O94: 223.5178 | P94: 133.6058 | Q94: 357.0726 | R94: -0.002145 | S94: 177.5397 | U94: 18 | V94: 6574 | X94: =X93+1 -> 21 | Y94: -19.968744 | Z94: -19.968744 | AB94: =AB93+1 -> 21 | AC94: -0.18533333 | AD94: -0.18533333
B95: 19 | C95: 6732.9742 | D95: 152.8755 | E95: 126.2573 | F95: 156.0212 | H95: 18 | I95: 6378 | J95: 1 | K95: 3 | L95: 166.4589 | M95: 166.1586 | N95: 159.0567 | O95: 168.5253 | P95: 136.7957 | Q95: 352.5978 | R95: -0.002271 | S95: 166.4589 | U95: 19 | V95: 6939 | X95: =X94+1 -> 22 | Y95: -19.744881 | Z95: -19.744881 | AB95: =AB94+1 -> 22 | AC95: -0.18998889 | AD95: -0.18998889
B96: 20 | C96: 7087.3413 | D96: 160.9216 | E96: 76.0603 | F96: 145.2855 | H96: 19 | I96: 6732 | J96: 5 | K96: 2 | L96: 155.378 | M96: 155.0611 | N96: 143.501 | O96: 113.5329 | P96: 139.9857 | Q96: 348.123 | R96: -0.002397 | S96: 155.3781 | U96: 20 | V96: 7305 | X96: =X95+1 -> 23 | Y96: -19.514894 | Z96: -19.514894 | AB96: =AB95+1 -> 23 | AC96: -0.19443056 | AD96: -0.19443056
B97: 21 | C97: 7441.7083 | D97: 168.9676 | E97: 25.8634 | F97: 134.5497 | H97: 20 | I97: 7087 | J97: 3 | K97: 2 | L97: 145.2829 | M97: 144.9492 | N97: 141.1218 | O97: 71.6054 | P97: 156.405 | Q97: 355.8389 | R97: -0.002523 | S97: 145.2829 | U97: 21 | V97: 7670 | X97: =X96+1 -> 24 | Y97: -19.278892 | Z97: -19.278892 | AB97: =AB96+1 -> 24 | AC97: -0.19865556 | AD97: -0.19865556
... B106: 30 | C106: 10631.012 | D106: 241.3823 | E106: 294.0905 | F106: 37.9282 | H106: 29 | I106: 10276 | J106: 0 | K106: 1 | L106: 48.5123 | M106: 48.0285 | N106: 40.6501 | O106: 335.8683 | P106: 224.8028 | Q106: 352.1378 | R106: -0.003659 | S106: 48.5124 | U106: 30 | V106: 10957 | X106: =X105+1 -> 33 | Y106: -16.901314 | Z106: -16.901314 | AB106: =AB105+1 -> 33 | AC106: -0.22667778 | AD106: -0.22667778
H107: 30 | I107: 10631 | J107: 5 | K107: 1 | L107: 38.4171 | M107: 37.9166 | N107: 38.2708 | O107: 293.9409 | P107: 241.2221 | Q107: 359.8537 | R107: -0.003785 | S107: 38.4172 | U107: 31 | V107: 11322 | X107: =X106+1 -> 34 | Y107: -16.610964 | Z107: -16.610964 | AB107: =AB106+1 -> 34 | AC107: -0.22865833 | AD107: -0.22865833
B108: جدول الحركات في الشهور لطلب الإجنماع | H108: جدول الحركات في الشهور لحركات الشمس والقمر | U108: 32 | V108: 11688 | X108: =X107+1 -> 35 | Y108: -16.315789 | Z108: -16.315789 | AB108: =AB107+1 -> 35 | AC108: -0.23041667 | AD108: -0.23041667
B109: السنة | C109: علامة | D109: حصة العرض | E109: الخاصة | F109: المركز | H109: الشهور الهجرية | I109: العلامة | J109: الأيام | L109: وسط الشمس | M109: خاصتها | N109: وسط القمر | O109: خاصته | P109: حصة العرض | Q109: البعد | R109: الميل الكلى | S109: الوقت النجمى | U109: 33 | V109: 12053 | X109: =X108+1 -> 36 | Y109: -16.015903 | Z109: -16.015903 | AB109: =AB108+1 -> 36 | AC109: -0.23194722 | AD109: -0.23194722
B110: الهجرية | C110: A | D110: F | E110: M' | F110: M | J110: h | K110: p | L110: S | M110: m | N110: M | O110: A | P110: N | Q110: D | R110: O | S110: ST | U110: 34 | V110: 12418 | X110: =X109+1 -> 37 | Y110: -15.711419 | Z110: -15.711419 | AB110: =AB109+1 -> 37 | AC110: -0.23325556 | AD110: -0.23325556
B111: 1 | C111: 2 | D111: 3 | E111: 4 | F111: 5 | H111: 1 | I111: 2 | J111: 3 | K111: 4 | L111: 5 | M111: 6 | N111: 7 | O111: 8 | P111: 9 | Q111: 10 | R111: 11 | S111: 12 | U111: 35 | V111: 12783 | X111: =X110+1 -> 38 | Y111: -15.402456 | Z111: -15.402456 | AB111: =AB110+1 -> 38 | AC111: -0.23433889 | AD111: -0.23433889
B112: 1 | C112: 29.5306 | D112: 30.6705 | E112: 25.8169 | F112: 29.1054 | H112: 1 | I112: 0 | J112: 0 | K112: 0 | L112: 0 | M112: 0 | N112: 0 | O112: 0 | P112: 0 | Q112: 0 | R112: 0 | S112: 0 | U112: 36 | V112: 13149 | X112: =X111+1 -> 39 | Y112: -15.089122 | Z112: -15.089122 | AB112: =AB111+1 -> 39 | AC112: -0.2352 | AD112: -0.2352
B113: 2 | C113: 59.0612 | D113: 61.341 | E113: 51.6338 | F113: 58.2107 | H113: 2 | I113: 30 | J113: 2 | K113: 0 | L113: 29.5694 | M113: 29.568 | N113: 35.2919 | O113: 31.9498 | P113: 36.8805 | Q113: 5.7225 | R113: -1.1e-05 | S113: 29.5694 | U113: 37 | V113: 13514 | X113: =X112+1 -> 40 | Y113: -14.771539 | Z113: -14.771539 | AB113: =AB112+1 -> 40 | AC113: -0.23584167 | AD113: -0.23584167
B114: 3 | C114: 88.5918 | D114: 92.0115 | E114: 77.4508 | F114: 87.3161 | H114: 3 | I114: 59 | J114: 3 | K114: 4 | L114: 58.1532 | M114: 58.1504 | N114: 57.4074 | O114: 50.8346 | P114: 60.5317 | Q114: 359.2542 | R114: -2.1e-05 | S114: 58.1532 | U114: 38 | V114: 13879 | X114: =X113+1 -> 41 | Y114: -14.449819 | Z114: -14.449819 | AB114: =AB113+1 -> 41 | AC114: -0.23626389 | AD114: -0.23626389
B115: 4 | C115: 118.1224 | D115: 122.682 | E115: 103.2677 | F115: 116.4214 | H115: 4 | I115: 89 | J115: 5 | K115: 4 | L115: 87.7226 | M115: 87.7184 | N115: 92.6993 | O115: 82.7844 | P115: 97.4122 | Q115: 4.9767 | R115: -3.2e-05 | S115: 87.7226 | U115: 39 | V115: 14244 | X115: =X114+1 -> 42 | Y115: -14.124078 | Z115: -14.124078 | AB115: =AB114+1 -> 42 | AC115: -0.23647222 | AD115: -0.23647222
B116: 5 | C116: 147.6529 | D116: 153.3525 | E116: 129.0846 | F116: 145.5268 | H116: 5 | I116: 118 | J116: 6 | K116: 3 | L116: 116.3064 | M116: 116.3008 | N116: 114.8148 | O116: 101.6692 | P116: 121.0633 | Q116: 358.5084 | R116: -4.2e-05 | S116: 116.3064 | U116: 40 | V116: 14610 | X116: =X115+1 -> 43 | Y116: -13.794433 | Z116: -13.794433 | AB116: =AB115+1 -> 43 | AC116: -0.23646667 | AD116: -0.23646667
B117: 6 | C117: 177.1835 | D117: 184.023 | E117: 154.9015 | F117: 174.6321 | H117: 6 | I117: 148 | J117: 1 | K117: 3 | L117: 145.8758 | M117: 145.8688 | N117: 150.1067 | O117: 133.619 | P117: 157.9438 | Q117: 4.2309 | R117: -5.3e-05 | S117: 145.8758 | U117: 41 | V117: 14975 | X117: =X116+1 -> 44 | Y117: -13.461 | Z117: -13.461 | AB117: =AB116+1 -> 44 | AC117: -0.23625 | AD117: -0.23625
B118: 7 | C118: 206.7141 | D118: 214.6935 | E118: 180.7184 | F118: 203.7375 | H118: 7 | I118: 177 | J118: 2 | K118: 2 | L118: 174.4596 | M118: 174.4512 | N118: 172.2222 | O118: 152.5038 | P118: 181.595 | Q118: 357.7626 | R118: -6.3e-05 | S118: 174.4596 | U118: 42 | V118: 15340 | X118: =X117+1 -> 45 | Y118: -13.123894 | Z118: -13.123894 | AB118: =AB117+1 -> 45 | AC118: -0.235825 | AD118: -0.235825
B119: 8 | C119: 236.2447 | D119: 245.3641 | E119: 206.5353 | F119: 232.8428 | H119: 8 | I119: 207 | J119: 4 | K119: 2 | L119: 204.029 | M119: 204.0193 | N119: 207.5141 | O119: 184.4535 | P119: 218.4755 | Q119: 3.4851 | R119: -7.4e-05 | S119: 204.029 | U119: 43 | V119: 15705 | X119: =X118+1 -> 46 | Y119: -12.783233 | Z119: -12.783233 | AB119: =AB118+1 -> 46 | AC119: -0.23519444 | AD119: -0.23519444
B120: 9 | C120: 265.7753 | D120: 276.0346 | E120: 232.3523 | F120: 261.9482 | H120: 9 | I120: 236 | J120: 5 | K120: 1 | L120: 232.6128 | M120: 232.6017 | N120: 229.6296 | O120: 203.3383 | P120: 242.1267 | Q120: 357.0168 | R120: -8.4e-05 | S120: 232.6128 | U120: 44 | V120: 16071 | X120: =X119+1 -> 47 | Y120: -12.439128 | Z120: -12.439128 | AB120: =AB119+1 -> 47 | AC120: -0.23436111 | AD120: -0.23436111
B121: 10 | C121: 295.3059 | D121: 306.7051 | E121: 258.1692 | F121: 291.0536 | H121: 10 | I121: 266 | J121: 0 | K121: 1 | L121: 262.1822 | M121: 262.1697 | N121: 264.9215 | O121: 235.2881 | P121: 279.0072 | Q121: 2.7393 | R121: -9.5e-05 | S121: 262.1822 | U121: 45 | V121: 16436 | X121: =X120+1 -> 48 | Y121: -12.091697 | Z121: -12.091697 | AB121: =AB120+1 -> 48 | AC121: -0.23333056 | AD121: -0.23333056
B122: 11 | C122: 324.8365 | D122: 337.3756 | E122: 283.9861 | F122: 320.1589 | H122: 11 | I122: 295 | J122: 1 | K122: 0 | L122: 290.766 | M122: 290.7521 | N122: 287.037 | O122: 254.1729 | P122: 302.6583 | Q122: 356.271 | R122: -0.000105 | S122: 290.766 | U122: 46 | V122: 16801 | X122: =X121+1 -> 49 | Y122: -11.741056 | Z122: -11.741056 | AB122: =AB121+1 -> 49 | AC122: -0.23210278 | AD122: -0.23210278
B123: 12 | C123: 354.3671 | D123: 8.0461 | E123: 309.803 | F123: 349.2643 | H123: 12 | I123: 325 | J123: 3 | K123: 0 | L123: 320.3354 | M123: 320.3201 | N123: 322.3289 | O123: 286.1227 | P123: 339.5388 | Q123: 1.9935 | R123: -0.000116 | S123: 320.3354 | U123: 47 | V123: 17166 | X123: =X122+1 -> 50 | Y123: -11.387319 | Z123: -11.387319 | AB123: =AB122+1 -> 50 | AC123: -0.23068333 | AD123: -0.23068333
U124: 48 | V124: 17532 | X124: =X123+1 -> 51 | Y124: -11.0306 | Z124: -11.0306 | AB124: =AB123+1 -> 51 | AC124: -0.22907778 | AD124: -0.22907778
B125: URUTAN BULAN HIJRI | D125: URUTAN BULAN MILADI | H125: جدول الحركات في الأيام لحركات الشمس والقمر | U125: 49 | V125: 17897 | X125: =X124+1 -> 52 | Y125: -10.671017 | Z125: -10.671017 | AB125: =AB124+1 -> 52 | AC125: -0.22728889 | AD125: -0.22728889
B126: =B112 -> 1 | C126: 1 | D126: Agustus | E126: 8 | H126: لأيام | I126: العلامة | J126: الأيام | L126: وسط الشمس | M126: خاصتها | N126: وسط القمر | O126: خاصته | P126: حصة العرض | Q126: البعد | R126: الميل الكلى | S126: الوقت النجمى | U126: 50 | V126: 18262 | X126: =X125+1 -> 53 | Y126: -10.308678 | Z126: -10.308678 | AB126: =AB125+1 -> 53 | AC126: -0.22531944 | AD126: -0.22531944
B127: =B113 -> 2 | C127: 2 | D127: April | E127: 4 | J127: h | K127: p | L127: S | M127: m | N127: M | O127: A | P127: N | Q127: D | R127: O | S127: ST | U127: 51 | V127: 18627 | X127: =X126+1 -> 54 | Y127: -9.9437028 | Z127: -9.9437028 | AB127: =AB126+1 -> 54 | AC127: -0.223175 | AD127: -0.223175
B128: =B114 -> 3 | C128: 3 | D128: Desember | E128: 12 | H128: 1 | I128: 2 | J128: 3 | K128: 4 | L128: 5 | M128: 6 | N128: 7 | O128: 8 | P128: 9 | Q128: 10 | R128: 11 | S128: 12 | U128: 52 | V128: 18993 | X128: =X127+1 -> 55 | Y128: -9.5762 | Z128: -9.5762 | AB128: =AB127+1 -> 55 | AC128: -0.22086111 | AD128: -0.22086111
B129: =B115 -> 4 | C129: 4 | D129: Februari | E129: 2 | H129: 0 | I129: 0 | J129: 0 | K129: 0 | L129: 0 | M129: 0 | N129: 0 | O129: 0 | P129: 0 | Q129: 0 | R129: 0 | S129: 0 | U129: 53 | V129: 19358 | X129: =X128+1 -> 56 | Y129: -9.2062861 | Z129: -9.2062861 | AB129: =AB128+1 -> 56 | AC129: -0.21837778 | AD129: -0.21837778
B130: =B116 -> 5 | C130: 5 | D130: Januari | E130: 1 | H130: 1 | I130: 1 | J130: 1 | K130: 1 | L130: 0.9856 | M130: 0.9856 | N130: 13.1764 | O130: 13.065 | P130: 13.2294 | Q130: 12.1907 | R130: 0 | S130: 0.9856 | U130: 54 | V130: 19723 | X130: =X129+1 -> 57 | Y130: -8.8340694 | Z130: -8.8340694 | AB130: =AB129+1 -> 57 | AC130: -0.21573333 | AD130: -0.21573333
B131: =B117 -> 6 | C131: 6 | D131: Juli | E131: 7 | H131: 2 | I131: 2 | J131: 2 | K131: 2 | L131: 1.9713 | M131: 1.9712 | N131: 26.3528 | O131: 26.13 | P131: 26.4587 | Q131: 24.3815 | R131: -1e-06 | S131: 1.9713 | U131: 55 | V131: 20088 | X131: =X130+1 -> 58 | Y131: -8.4596667 | Z131: -8.4596667 | AB131: =AB130+1 -> 58 | AC131: -0.21293333 | AD131: -0.21293333
B132: =B118 -> 7 | C132: 7 | D132: Juni | E132: 6 | H132: 3 | I132: 3 | J132: 3 | K132: 3 | L132: 2.9569 | M132: 2.9568 | N132: 39.5292 | O132: 39.195 | P132: 39.6881 | Q132: 36.5722 | R132: -1e-06 | S132: 2.9569 | U132: 56 | V132: 20454 | X132: =X131+1 -> 59 | Y132: -8.0831861 | Z132: -7.7047417 | AB132: =AB131+1 -> 59 | AC132: -0.20997778 | AD132: -0.20687778
B133: =B119 -> 8 | C133: 8 | D133: Maret | E133: 3 | H133: 4 | I133: 4 | J133: 4 | K133: 4 | L133: 3.9426 | M133: 3.9424 | N133: 52.7056 | O133: 52.26 | P133: 52.9174 | Q133: 48.763 | R133: -1e-06 | S133: 3.9426 | U133: 57 | V133: 20819 | X133: =X132+1 -> 60 | Y133: -7.7047417 | Z133: -7.3244389 | AB133: =AB132+1 -> 60 | AC133: -0.20687778 | AD133: -0.20363333
B134: =B120 -> 9 | C134: 9 | D134: Mei | E134: 5 | H134: 5 | I134: 5 | J134: 5 | K134: 5 | L134: 4.9282 | M134: 4.928 | N134: 65.882 | O134: 65.325 | P134: 66.1468 | Q134: 60.9537 | R134: -2e-06 | S134: 4.9282 | U134: 58 | V134: 21184 | X134: =X133+1 -> 61 | Y134: -7.3244389 | Z134: -6.9423944 | AB134: =AB133+1 -> 61 | AC134: -0.20363333 | AD134: -0.20025
B135: =B121 -> 10 | C135: 10 | D135: November | E135: 11 | H135: 6 | I135: 6 | J135: 6 | K135: 1 | L135: 5.9139 | M135: 5.9136 | N135: 79.0584 | O135: 78.39 | P135: 79.3761 | Q135: 73.1445 | R135: -2e-06 | S135: 5.9139 | U135: 59 | V135: 21549 | X135: =X134+1 -> 62 | Y135: -6.9423944 | Z135: -6.5587111 | AB135: =AB134+1 -> 62 | AC135: -0.20025 | AD135: -0.19673611
B136: =B122 -> 11 | C136: 11 | D136: Oktober | E136: 10 | H136: 7 | I136: 7 | J136: 7 | K136: 2 | L136: 6.8995 | M136: 6.8992 | N136: 92.2348 | O136: 91.455 | P136: 92.6055 | Q136: 85.3352 | R136: -2e-06 | S136: 6.8995 | U136: 60 | V136: 21915 | X136: =X135+1 -> 63 | Y136: -6.5587111 | Z136: -6.1735028 | AB136: =AB135+1 -> 63 | AC136: -0.19673611 | AD136: -0.19309722
B137: =B123 -> 12 | C137: 12 | D137: September | E137: 9 | H137: 8 | I137: 8 | J137: 1 | K137: 3 | L137: 7.8852 | M137: 7.8848 | N137: 105.4112 | O137: 104.5199 | P137: 105.8348 | Q137: 97.526 | R137: -3e-06 | S137: 7.8852 | U137: 61 | V137: 22280 | X137: =X136+1 -> 64 | Y137: -6.1735028 | Z137: -5.786875 | AB137: =AB136+1 -> 64 | AC137: -0.19309722 | AD137: -0.18933333
H138: 9 | I138: 9 | J138: 2 | K138: 4 | L138: 8.8708 | M138: 8.8704 | N138: 118.5876 | O138: 117.5849 | P138: 119.0642 | Q138: 109.7167 | R138: -3e-06 | S138: 8.8708 | U138: 62 | V138: 22645 | X138: =X137+1 -> 65 | Y138: -5.786875 | Z138: -5.3989389 | AB138: =AB137+1 -> 65 | AC138: -0.18933333 | AD138: -0.18545278
B139: Sisa | C139: Hari | D139: Pasar | H139: 10 | I139: 10 | J139: 3 | K139: 5 | L139: 9.8565 | M139: 9.856 | N139: 131.764 | O139: 130.6499 | P139: 132.2935 | Q139: 121.9075 | R139: -4e-06 | S139: 9.8565 | U139: 63 | V139: 23010 | X139: =X138+1 -> 66 | Y139: -5.3989389 | Z139: -5.0098 | AB139: =AB138+1 -> 66 | AC139: -0.18545278 | AD139: -0.18146389
...

Sheet TA'DIL
B2: Dr | C2: تعديل العلامة للإجتماع | K2: جدول التعديل لطول الشمس | M2: تعديل البعد بين الأرض والشمس | O2: تعديل طول القمر | X2: تعديل عرض القمر | AB2: تعديل البعد بين الأرض والقمر | AF2: نور القمر
C3: T1 | D3: T2 | E3: T3 | F3: T4 | G3: T5 | H3: T6 | I3: T7 | J3: T8 | K3: L1 | L3: L2 | M3: R1 | N3: R2 | O3: M1 | P3: M2 | Q3: M3 | R3: M4 | S3: M5 | T3: M6 | U3: M7 | V3: M8 | W3: M9 | X3: B1 | Y3: B2 | Z3: B3 | AA3: B4 | AB3: r1 | AC3: r2 | AD3: r3 | AE3: r4 | AF3: NQ
B4: 1 | C4: =B4+1 -> 2 | D4: =C4+1 -> 3 | E4: =D4+1 -> 4 | F4: =E4+1 -> 5 | G4: =F4+1 -> 6 | H4: =G4+1 -> 7 | I4: =H4+1 -> 8 | J4: =I4+1 -> 9 | ... AF4: =AE4+1 -> 31
B5: 0 | C5: 0 | D5: 0 | E5: 0 | F5: 0 | G5: 0 | H5: 0 | I5: 0 | J5: 0 | K5: 0 | L5: 0 | M5: 0 | N5: 0 | O5: 0 | P5: 0 | Q5: 0 | R5: 0 | S5: 0 | T5: 0 | U5: 0 | V5: 0 | W5: 0 | X5: 0 | Y5: 0 | Z5: 0 | AA5: 0 | AB5: -20905.355 | AC5: -3699.111 | AD5: -2955.968 | AE5: -569.925 | AF5: 1
B6: 1 | C6: 0.003 | D6: 0 | E6: -0.0071 | F6: 0.0003 | G6: -0.0001 | H6: -0.0001 | I6: 0.0002 | J6: 0 | K6: 0.0334 | L6: 0.0003 | M6: -0.0167 | N6: -0.00014 | O6: 0.1098 | P6: 0.0222 | Q6: 0.0115 | R6: 0.0037 | S6: -0.0032 | T6: -0.002 | U6: 0.001 | V6: 0.001 | W6: 0.0009 | X6: 0.0895 | Y6: 0.0049 | Z6: 0.0048 | AA6: 0.003 | AB6: -20902.171 | AC6: -3698.5476 | AD6: -2955.5178 | AE6: -569.8382 | AF6: 0.9999
B7: =B6+1 -> 2 | C7: 0.0061 | D7: 0.0001 | E7: -0.0142 | F7: 0.0006 | G7: -0.0002 | H7: -0.0003 | I7: 0.0004 | J7: 0 | K7: 0.0668 | L7: 0.0007 | M7: -0.01669 | N7: -0.00014 | O7: 0.2195 | P7: 0.0445 | Q7: 0.023 | R7: 0.0075 | S7: -0.0065 | T7: -0.004 | U7: 0.0021 | V7: 0.002 | W7: 0.0019 | X7: 0.179 | Y7: 0.0098 | Z7: 0.0097 | AA7: 0.006 | AB7: -20892.62 | AC7: -3696.8576 | AD7: -2954.1673 | AE7: -569.5778 | AF7: 0.9997
B8: =B7+1 -> 3 | C8: 0.0091 | D8: 0.0001 | E8: -0.0213 | F8: 0.0008 | G8: -0.0003 | H8: -0.0004 | I8: 0.0005 | J8: 0.0001 | K8: 0.1002 | L8: 0.001 | M8: -0.01668 | N8: -0.00014 | O8: 0.3291 | P8: 0.0667 | Q8: 0.0345 | R8: 0.0112 | S8: -0.0097 | T8: -0.006 | U8: 0.0031 | V8: 0.003 | W8: 0.0028 | X8: 0.2684 | Y8: 0.0147 | Z8: 0.0145 | AA8: 0.0091 | AB8: -20876.705 | AC8: -3694.0415 | AD8: -2951.9169 | AE8: -569.1439 | AF8: 0.9993
B9: =B8+1 -> 4 | C9: 0.0121 | D9: 0.0001 | E9: -0.0284 | F9: 0.0011 | G9: -0.0004 | H9: -0.0005 | I9: 0.0007 | J9: 0.0001 | K9: 0.1336 | L9: 0.0014 | M9: -0.01666 | N9: -0.00014 | O9: 0.4387 | P9: 0.0889 | Q9: 0.0459 | R9: 0.0149 | S9: -0.0129 | T9: -0.008 | U9: 0.0041 | V9: 0.004 | W9: 0.0037 | X9: 0.3577 | Y9: 0.0196 | Z9: 0.0194 | AA9: 0.0121 | AB9: -20854.431 | AC9: -3690.1002 | AD9: -2948.7674 | AE9: -568.5367 | AF9: 0.9988
B10: =B9+1 -> 5 | C10: 0.0151 | D10: 0.0002 | E10: -0.0355 | F10: 0.0014 | G10: -0.0004 | H10: -0.0006 | I10: 0.0009 | J10: 0.0001 | K10: 0.1669 | L10: 0.0017 | M10: -0.01664 | N10: -0.00014 | O10: 0.5481 | P10: 0.111 | Q10: 0.0574 | R10: 0.0186 | S10: -0.0161 | T10: -0.01 | U10: 0.0051 | V10: 0.005 | W10: 0.0046 | X10: 0.447 | Y10: 0.0245 | Z10: 0.0242 | AA10: 0.0151 | AB10: -20825.804 | AC10: -3685.0348 | AD10: -2944.7196 | AE10: -567.7563 | AF10: 0.9981
B11: =B10+1 -> 6 | C11: 0.0181 | D11: 0.0002 | E11: -0.0425 | F11: 0.0017 | G11: -0.0005 | H11: -0.0008 | I11: 0.0011 | J11: 0.0001 | K11: 0.2001 | L11: 0.0021 | M11: -0.01661 | N11: -0.00014 | O11: 0.6574 | P11: 0.1332 | Q11: 0.0688 | R11: 0.0223 | S11: -0.0193 | T11: -0.012 | U11: 0.0061 | V11: 0.006 | W11: 0.0056 | X11: 0.536 | Y11: 0.0293 | Z11: 0.029 | AA11: 0.0181 | AB11: -20790.833 | AC11: -3678.8469 | AD11: -2939.7749 | AE11: -566.8029 | AF11: 0.9973
B12: =B11+1 -> 7 | C12: 0.0211 | D12: 0.0003 | E12: -0.0496 | F12: 0.002 | G12: -0.0006 | H12: -0.0009 | I12: 0.0013 | J12: 0.0001 | K12: 0.2333 | L12: 0.0024 | M12: -0.01658 | N12: -0.00014 | O12: 0.7664 | P12: 0.1553 | Q12: 0.0802 | R12: 0.026 | S12: -0.0226 | T12: -0.0139 | U12: 0.0072 | V12: 0.007 | W12: 0.0065 | X12: 0.625 | Y12: 0.0342 | Z12: 0.0338 | AA12: 0.0211 | AB12: -20749.53 | AC12: -3671.5384 | AD12: -2933.9347 | AE12: -565.6769 | AF12: 0.9963
B13: =B12+1 -> 8 | C13: 0.0241 | D13: 0.0003 | E13: -0.0566 | F13: 0.0022 | G13: -0.0007 | H13: -0.001 | I13: 0.0014 | J13: 0.0001 | K13: 0.2665 | L13: 0.0028 | M13: -0.01654 | N13: -0.00014 | O13: 0.8752 | P13: 0.1773 | Q13: 0.0916 | R13: 0.0297 | S13: -0.0258 | T13: -0.0159 | U13: 0.0082 | V13: 0.0079 | W13: 0.0074 | X13: 0.7137 | Y13: 0.0391 | Z13: 0.0386 | AA13: 0.0241 | AB13: -20701.906 | AC13: -3663.1115 | AD13: -2927.2007 | AE13: -564.3785 | AF13: 0.9951
B14: =B13+1 -> 9 | C14: 0.0271 | D14: 0.0003 | E14: -0.0636 | F14: 0.0025 | G14: -0.0008 | H14: -0.0012 | I14: 0.0016 | J14: 0.0002 | K14: 0.2995 | L14: 0.0031 | M14: -0.01649 | N14: -0.00014 | O14: 0.9838 | P14: 0.1993 | Q14: 0.103 | R14: 0.0334 | S14: -0.029 | T14: -0.0179 | U14: 0.0092 | V14: 0.0089 | W14: 0.0083 | X14: 0.8022 | Y14: 0.0439 | Z14: 0.0434 | AA14: 0.0271 | AB14: -20647.975 | AC14: -3653.5688 | AD14: -2919.5751 | AE14: -562.9083 | AF14: 0.9938
B15: =B14+1 -> 10 | C15: 0.0301 | D15: 0.0004 | E15: -0.0706 | F15: 0.0028 | G15: -0.0009 | H15: -0.0013 | I15: 0.0018 | J15: 0.0002 | K15: 0.3325 | L15: 0.0035 | M15: -0.01645 | N15: -0.00014 | O15: 1.092 | P15: 0.2212 | Q15: 0.1143 | R15: 0.0371 | S15: -0.0321 | T15: -0.0199 | U15: 0.0102 | V15: 0.0099 | W15: 0.0093 | X15: 0.8905 | Y15: 0.0487 | Z15: 0.0482 | AA15: 0.0301 | AB15: -20587.756 | AC15: -3642.9132 | AD15: -2911.0602 | AE15: -561.2666 | AF15: 0.9924
B16: =B15+1 -> 11 | C16: 0.0331 | D16: 0.0004 | E16: -0.0776 | F16: 0.0031 | G16: -0.001 | H16: -0.0014 | I16: 0.002 | J16: 0.0002 | K16: 0.3653 | L16: 0.0038 | M16: -0.01639 | N16: -0.00014 | O16: 1.2 | P16: 0.2431 | Q16: 0.1256 | R16: 0.0408 | S16: -0.0353 | T16: -0.0218 | U16: 0.0112 | V16: 0.0109 | W16: 0.0102 | X16: 0.9785 | Y16: 0.0535 | Z16: 0.053 | AA16: 0.0331 | AB16: -20521.265 | AC16: -3631.1479 | AD16: -2901.6585 | AE16: -559.4539 | AF16: 0.9908
B17: =B16+1 -> 12 | C17: 0.0361 | D17: 0.0004 | E17: -0.0846 | F17: 0.0033 | G17: -0.0011 | H17: -0.0015 | I17: 0.0022 | J17: 0.0002 | K17: 0.3981 | L17: 0.0042 | M17: -0.01634 | N17: -0.00014 | O17: 1.3075 | P17: 0.2649 | Q17: 0.1369 | R17: 0.0444 | S17: -0.0385 | T17: -0.0238 | U17: 0.0122 | V17: 0.0119 | W17: 0.0111 | X17: 1.0662 | Y17: 0.0583 | Z17: 0.0577 | AA17: 0.036 | AB17: -20448.523 | AC17: -3618.2765 | AD17: -2891.373 | AE17: -557.4708 | AF17: 0.9891
B18: =B17+1 -> 13 | C18: 0.039 | D18: 0.0005 | E18: -0.0915 | F18: 0.0036 | G18: -0.0011 | H18: -0.0017 | I18: 0.0023 | J18: 0.0002 | K18: 0.4307 | L18: 0.0045 | M18: -0.01627 | N18: -0.00014 | O18: 1.4147 | P18: 0.2866 | Q18: 0.1481 | R18: 0.0481 | S18: -0.0416 | T18: -0.0257 | U18: 0.0132 | V18: 0.0128 | W18: 0.012 | X18: 1.1536 | Y18: 0.0631 | Z18: 0.0625 | AA18: 0.039 | AB18: -20369.552 | AC18: -3604.303 | AD18: -2880.2067 | AE18: -555.3179 | AF18: 0.9872
... B365: =B364+1 -> 360 | C365: 0 | D365: 0 | E365: 0 | F365: 0 | G365: 0 | H365: 0 | I365: 0 | J365: 0 | K365: 0 | L365: 0 | M365: -0.0167 | N365: -0.00014 | O365: 0 | P365: 0 | Q365: 0 | R365: 0 | S365: 0 | T365: 0 | U365: 0 | V365: 0 | W365: 0 | X365: 0 | Y365: 0 | Z365: 0 | AA365: 0 | AB365: -20905.355 | AC365: -3699.111 | AD365: -2955.968 | AE365: -569.925 | AF365: 1
B366: =B365+1 -> 361 | C366: T1 | D366: T2 | E366: T3 | F366: T4 | G366: T5 | H366: T6 | I366: T7 | J366: T8 | K366: L1 | L366: L2 | M366: R1 | N366: R2 | O366: M1 | P366: M2 | Q366: M3 | R366: M4 | S366: M5 | T366: M6 | U366: M7 | V366: M8 | W366: M9 | X366: B1 | Y366: B2 | Z366: B3 | AA366: B4 | AB366: r1 | AC366: r2 | AD366: r3 | AE366: r4 | AF366: NQ
